-2.3230707,-1.9405744,-2.3273379,-1.9303895
-2.3238703,-1.9397417,-2.3283242,-1.9292698
-2.3239738,-1.9396232,-2.3282782,-1.9292883
-2.3230556,-1.9405483,-2.3274657,-1.930165
-2.3215338,-1.9420506,-2.3259555,-1.9315933
-2.3193222,-1.9442629,-2.3235263,-1.9340367
-2.3164402,-1.9471943,-2.320489,-1.937226
-2.3128716,-1.9507555,-2.317028,-1.9407351
-2.308619,-1.9549583,-2.3130652,-1.9445303
-2.3037094,-1.9598519,-2.3081194,-1.9494157
-2.29815,-1.9654232,-2.3023063,-1.955262
-2.291965,-1.971654,-2.2960078,-1.9617025
-2.2851447,-1.9784559,-2.289342,-1.9683847
-2.2777056,-1.9858519,-2.2821642,-1.9754107
-2.2696756,-1.9938655,-2.2740365,-1.9834924
-2.2610773,-2.0024976,-2.2651993,-1.9923933
-2.2519292,-2.0116782,-2.2560068,-2.0016937
-2.242235,-2.0213522,-2.246491,-2.0112033
-2.232021,-2.0315348,-2.2364951,-2.0210888
-2.2213153,-2.0422317,-2.2256404,-2.0319058
-2.210152,-2.0534427,-2.214248,-2.043381
-2.198547,-2.065069,-2.2026604,-2.0550519
-2.1865126,-2.0770688,-2.190863,-2.0668067
-2.1740865,-2.0894754,-2.1785473,-2.079048
-2.1612972,-2.1022679,-2.165574,-2.091987
-2.1481859,-2.1154382,-2.1522583,-2.1054049
-2.1347674,-2.1288755,-2.1388825,-2.1188785
-2.1210613,-2.1425387,-2.1255033,-2.132211
-2.1071096,-2.1564778,-2.111628,-2.1460086
-2.0929421,-2.170653,-2.0972049,-2.1603972
-2.0786068,-2.1850528,-2.0826981,-2.1750077
-2.064117,-2.199559,-2.0682814,-2.1895222
-2.0494963,-2.2141398,-2.0539852,-2.2037913
-2.0347889,-2.2288386,-2.0393194,-2.2183942
-2.0200269,-2.2436148,-2.0243005,-2.233365
-2.0052586,-2.2584509,-2.0093542,-2.2484049
-1.9904972,-2.273221,-1.9947087,-2.2631482
-1.9757679,-2.2879056,-1.980331,-2.2775089
-1.9611173,-2.302551,-1.9656721,-2.2921127
-1.9465762,-2.317115,-1.9508295,-2.3068923
-1.9321911,-2.3315624,-1.9362913,-2.3215174
-1.9179725,-2.3457738,-1.922256,-2.3356475
-1.9039477,-2.3597523,-1.9085776,-2.3493136
-1.8901613,-2.3735293,-1.8946923,-2.363129
-1.8766464,-2.3870815,-1.8808789,-2.3768915
-1.8634384,-2.4003364,-1.867585,-2.3902637
-1.8505478,-2.4132108,-1.854914,-2.4030238
-1.838004,-2.4257144,-1.8426712,-2.415274
-1.8258425,-2.4378663,-1.8303458,-2.4275042
-1.8140992,-2.4496566,-1.8183107,-2.4394904
-1.8027962,-2.460987,-1.8069826,-2.4508864
-1.7919462,-2.471806,-1.7964146,-2.4615516
-1.7815731,-2.482139,-1.7863252,-2.4716476
-1.7717072,-2.4919902,-1.7762263,-2.4816126
-1.7623836,-2.5013741,-1.7665438,-2.4912318
-1.753613,-2.5101582,-1.7578358,-2.500039
-1.7453991,-2.5183135,-1.7499993,-2.5079747
-1.7377708,-2.5259084,-1.7425138,-2.515439
-1.7307468,-2.5329253,-1.7351543,-2.522633
-1.7243581,-2.5393587,-1.7285734,-2.5292124
-1.7186025,-2.5451173,-1.7229064,-2.5349747
-1.7134827,-2.5501815,-1.7181604,-2.539812
-1.7090203,-2.5546166,-1.713733,-2.5441846
-1.7052263,-2.558407,-1.7096357,-2.5481235
-1.702124,-2.5615507,-1.7063558,-2.551404
-1.6997017,-2.5639612,-1.7040877,-2.5537747
-1.6979569,-2.565646,-1.7027178,-2.5552186
-1.6969078,-2.5666744,-1.7015789,-2.5562724
-1.696556,-2.567039,-1.7008932,-2.5568045
-1.6969131,-2.5667132,-1.7011491,-2.5565797
-1.697958,-2.5656391,-1.7024283,-2.5554098
-1.6996876,-2.563859,-1.7044715,-2.5534092
-1.7021073,-2.561418,-1.7067063,-2.551039
-1.7052195,-2.5583383,-1.7095004,-2.548134
-1.7090153,-2.554562,-1.7132654,-2.544419
-1.7134719,-2.5500656,-1.718033,-2.5397645
-1.7185797,-2.544911,-1.7234229,-2.5343863
-1.7243362,-2.5391375,-1.7288796,-2.5287584
-1.730741,-2.5327872,-1.7349592,-2.522613
-1.7377679,-2.5257615,-1.7420795,-2.5155944
-1.7453879,-2.5180873,-1.7500514,-2.5077049
-1.7535952,-2.509851,-1.7583429,-2.4993676
-1.7623718,-2.5010694,-1.7668252,-2.490729
-1.7717143,-2.4917826,-1.7759246,-2.481625
-1.7815862,-2.48192,-1.7858943,-2.4717635
-1.7919527,-2.4714981,-1.7966281,-2.4610893
-1.8028046,-2.4606267,-1.8075072,-2.4501437
-1.814117,-2.4493202,-1.8185332,-2.438987
-1.8258799,-2.4376086,-1.8301166,-2.4274367
-1.8380499,-2.4254447,-1.8424023,-2.4152588
-1.8505908,-2.4128584,-1.8552879,-2.4023973
-1.8634875,-2.3999518,-1.8681523,-2.3894573
-1.8767109,-2.3867484,-1.8810747,-2.3764325
-1.8902457,-2.373275,-1.894443,-2.3631336
-1.9040405,-2.359473,-1.908409,-2.349264
-1.9180601,-2.3454083,-1.92276,-2.3348912
-1.9322887,-2.3311771,-1.9368789,-2.3207024
-1.9466928,-2.3168095,-1.9509728,-2.3065532
-1.9612503,-2.3023042,-1.9654359,-2.2921869
-1.9759074,-2.2876314,-1.9803051,-2.2773844
-1.9906339,-2.272873,-1.9953038,-2.262334
-2.0054047,-2.2581002,-2.0099115,-2.2476484
-2.0201947,-2.2433637,-2.024417,-2.2331485
-2.0349689,-2.2286276,-2.0391631,-2.2185038
-2.0496774,-2.2138957,-2.0541043,-2.203587
-2.0642943,-2.1992546,-2.0689309,-2.18869
-2.0787907,-2.1847569,-2.0832427,-2.1742998
-2.0931482,-2.1704727,-2.0972832,-2.1603292
-2.1073227,-2.1563238,-2.1115009,-2.146222
-2.1212674,-2.1423308,-2.1257654,-2.131915
-2.1349667,-2.1286175,-2.1395603,-2.1180347
-2.148388,-2.115205,-2.1526958,-2.1048678
-2.1615185,-2.1021367,-2.165654,-2.0920317
-2.174309,-2.0893608,-2.1785153,-2.0792662
-2.1867226,-2.0769068,-2.1912216,-2.0664785
-2.1987459,-2.0648723,-2.2032675,-2.0543482
-2.2103502,-2.0532775,-2.214634,-2.0429641
-2.2215246,-2.0421578,-2.2256502,-2.0320765
-2.2322248,-2.0314642,-2.2364324,-2.0213746
-2.2424203,-2.0212283,-2.2469071,-2.0107867
-2.2521025,-2.0115342,-2.256584,-2.001034
-2.2612475,-2.0023994,-2.2654926,-1.9921292
-2.2698504,-1.9938513,-2.2739414,-1.9838259
-2.2778686,-1.985826,-2.2820774,-1.9757346
-2.285281,-1.9783675,-2.2897688,-1.9678863
-2.2920877,-1.971548,-2.2965099,-1.9610999
-2.2982706,-1.9653841,-2.3024427,-1.9552074
-2.3038253,-1.9598693,-2.3079058,-1.9498763
-2.308718,-1.954956,-2.3129503,-1.9448404
-2.3129405,-1.9506939,-2.317412,-1.9402175
-2.316493,-1.9471234,-2.320859,-1.9367249
-2.3193728,-1.9442731,-2.323506,-1.9341537
-2.3215727,-1.9420993,-2.3256654,-1.9321008
-2.3230707,-1.9405744,-2.3273379,-1.9303895
-2.3238703,-1.9397417,-2.3283242,-1.9292698
-2.3239738,-1.9396232,-2.3282782,-1.9292883
-2.3233916,-1.9402412,-2.3274866,-1.9301876
-2.3221148,-1.9415275,-2.3262328,-1.9315112
-2.3201333,-1.9434636,-2.3244814,-1.9331539
-2.3174664,-1.9461101,-2.3218762,-1.9356812
-2.3141164,-1.9494565,-2.3183385,-1.9392068
-2.3101057,-1.9535095,-2.3141717,-1.9435054
-2.3054253,-1.9581927,-2.3095568,-1.9481894
-2.3000783,-1.9634945,-2.3044804,-1.9531364
-2.2940904,-1.9694648,-2.2985143,-1.9590195
-2.287472,-1.9760851,-2.2916797,-1.9658601
-2.2802528,-1.9833564,-2.2843021,-1.9733831
-2.2724286,-1.991178,-2.2765795,-1.9811637
-2.26401,-1.9995493,-2.2684597,-1.9891418
-2.2550327,-2.0085144,-2.259462,-1.9980781
-2.2455126,-2.0180488,-2.2496814,-2.007877
-2.2354845,-2.0281293,-2.2395264,-2.0181711
-2.2249476,-2.038654,-2.2291452,-2.0285888
-2.213925,-2.0496343,-2.218406,-2.0391979
-2.2024533,-2.0610937,-2.2068442,-2.0507109
-2.1905607,-2.073022,-2.1947013,-2.0628978
-2.178277,-2.0853483,-2.182354,-2.0753573
-2.1656116,-2.0979992,-2.1698626,-2.0878825
-2.1525945,-2.1109839,-2.1571022,-2.1005493
-2.139263,-2.1243093,-2.143643,-2.1139584
-2.1256537,-2.1379687,-2.1297811,-2.1278634
-2.1117935,-2.1518623,-2.1159043,-2.1418375
-2.0976986,-2.1659366,-2.1020227,-2.1557351
-2.0834063,-2.1802057,-2.0879351,-2.1697656
-2.0689501,-2.1946558,-2.0733452,-2.1842893
-2.054376,-2.2092964,-2.0584618,-2.199223
-2.0397072,-2.223998,-2.0438149,-2.2139717
-2.0249617,-2.2387053,-2.0293887,-2.2284123
-2.0101795,-2.2534624,-2.0147892,-2.2429372
-1.995399,-2.2682465,-1.9997414,-2.2579285
-1.9806677,-2.2830564,-1.9847442,-2.2730082
-1.9659997,-2.2977365,-1.9701877,-2.287674
-1.9514164,-2.312271,-1.955964,-2.3018967
-1.9369657,-2.326714,-1.9415258,-2.3162829
-1.9226776,-2.3410205,-1.9269631,-2.3307756
-1.908599,-2.3551651,-1.9127022,-2.3451103
-1.8947415,-2.3690237,-1.8990011,-2.3589217
-1.8811271,-2.382586,-1.8857664,-2.3721627
-1.8678024,-2.3959028,-1.872385,-2.385482
-1.8547947,-2.4089347,-1.859055,-2.3987225
-1.8421464,-2.4216367,-1.846281,-2.411567
-1.8298631,-2.4339036,-1.8342134,-2.4237374
-1.8179704,-2.4457492,-1.8226545,-2.435309
-1.8065054,-2.4572011,-1.8110452,-2.4468235
-1.7955002,-2.468247,-1.7997328,-2.4580654
-1.7849789,-2.4788016,-1.7891555,-2.4687048
-1.7749506,-2.4888011,-1.7793953,-2.478577
-1.765435,-2.498272,-1.7701893,-2.4877964
-1.7564626,-2.5072247,-1.7610325,-2.4968222
-1.7480649,-2.5156752,-1.752246,-2.5055167
-1.7402549,-2.5235094,-1.744458,-2.5133938
-1.7330325,-2.5306815,-1.7375917,-2.5203756
-1.7264187,-2.5372523,-1.7312094,-2.526751
-1.7204368,-2.5432197,-1.7249234,-2.5328804
-1.7151121,-2.5486,-1.7192948,-2.5384635
-1.7104423,-2.5532707,-1.7147223,-2.5431374
-1.7064251,-2.557225,-1.7110963,-2.5468615
-1.7030817,-2.560539,-1.707794,-2.5501114
-1.7004198,-2.5631954,-1.7048374,-2.5529076
-1.69846,-2.5651938,-1.7026981,-2.5550414
-1.6971898,-2.5664564,-1.7015677,-2.556279
-1.6966026,-2.5669857,-1.7013614,-2.5565666
-1.6967127,-2.566853,-1.7014161,-2.5564302
-1.69752,-2.5660523,-1.7018834,-2.5557987
-1.6990355,-2.5645746,-1.7032604,-2.5544423
-1.7012341,-2.5623483,-1.705689,-2.5521225
-1.7041103,-2.5594188,-1.7088888,-2.548968
-1.7076669,-2.5558406,-1.7122743,-2.5454544
-1.7119031,-2.5516359,-1.7161928,-2.5414234
-1.7168086,-2.5467523,-1.7210537,-2.53661
-1.722358,-2.5411657,-1.7269007,-2.5308765
-1.7285386,-2.5349382,-1.7333771,-2.5244147
-1.7353455,-2.5281135,-1.7399163,-2.5177127
-1.7427757,-2.520739,-1.7469893,-2.5105585
-1.7508034,-2.5127238,-1.7550741,-2.5025717
-1.7593943,-2.504074,-1.7640367,-2.493698
-1.7685407,-2.4948975,-1.7733047,-2.4843909
-1.7782235,-2.4852127,-1.7826543,-2.4748813
-1.7884377,-2.4750513,-1.7926667,-2.4648846
-1.7991427,-2.4643544,-1.8034692,-2.4541866
-1.8103049,-2.453143,-1.8149838,-2.4427213
-1.8219112,-2.4415191,-1.8266052,-2.4310297
-1.8339357,-2.4295036,-1.8383422,-2.4191698
-1.8463669,-2.4171258,-1.850599,-2.406956
-1.8591585,-2.4043373,-1.863517,-2.3941387
-1.8722739,-2.3911744,-1.8769777,-2.380687
-1.8856988,-2.3777453,-1.890332,-2.3672627
-1.8994016,-2.3640698,-1.9037263,-2.3537859
-1.9133639,-2.350164,-1.9175547,-2.3400384
-1.9275341,-2.3359815,-1.9319135,-2.3257695
-1.9418783,-2.321599,-1.9465687,-2.311079
-1.9563779,-2.3070978,-1.9609392,-2.2966362
-1.9710012,-2.2925173,-1.9752587,-2.2822772
-1.9857218,-2.2778436,-1.989912,-2.2677237
-2.0004871,-2.2630614,-2.0048972,-2.2527884
-2.0152684,-2.2482513,-2.0199293,-2.2377008
-2.030039,-2.2334818,-2.0345095,-2.2230457
-2.0447757,-2.2188028,-2.0489738,-2.208614
-2.059439,-2.2041737,-2.0636183,-2.194066
-2.0739832,-2.1896004,-2.0784401,-2.1792518
-2.0883809,-2.1751787,-2.0930382,-2.1645533
-2.1026061,-2.160955,-2.1069981,-2.1505367
-2.116642,-2.146997,-2.1207573,-2.1368898
-2.1304396,-2.1332191,-2.1346153,-2.1231431
-2.143955,-2.1196535,-2.148459,-2.1092356
-2.1571764,-2.1064194,-2.1617314,-2.0958748
-2.1700703,-2.0935334,-2.1743792,-2.0831953
-2.1826245,-2.0810403,-2.186748,-2.0709506
-2.1947926,-2.0688868,-2.1989883,-2.0588049
-2.206538,-2.0570995,-2.2110246,-2.0466774
-2.2178491,-2.0457763,-2.222357,-2.0352607
-2.2286984,-2.0349351,-2.2329742,-2.0246289
-2.2390772,-2.0246093,-2.2431961,-2.0145376
-2.248943,-2.014749,-2.2531434,-2.0046673
-2.2582675,-2.0053839,-2.2627443,-1.994946
-2.2670428,-1.9965956,-2.2715138,-1.9861008
-2.2752484,-1.9883995,-2.279484,-1.9781379
-2.28288,-1.9808211,-2.2869622,-1.9708076
-2.289898,-1.9737942,-2.2941004,-1.9637102
-2.2962834,-1.9673615,-2.3007642,-1.9568838
-2.302039,-1.9615915,-2.3064534,-1.9511504
-2.3071488,-1.9565,-2.3113161,-1.9463315
-2.3116106,-1.9520762,-2.3156906,-1.9420879
-2.3153933,-1.9482725,-2.3196245,-1.9381577
-2.318491,-1.9451349,-2.3229579,-1.9346623
-2.3209065,-1.9427015,-2.3252658,-1.93231
-2.3226403,-1.9409978,-2.3267683,-1.9308857
-2.3236853,-1.9399762,-2.3277787,-1.9299787
-2.3240246,-1.9396088,-2.3282944,-1.9294196
-2.323664,-1.9399378,-2.3281142,-1.9294709
-2.3226074,-1.9409801,-2.3269054,-1.9306542
-2.3208686,-1.9427557,-2.3249592,-1.9327102
-2.3184394,-1.9451921,-2.3225604,-1.9351761
-2.315314,-1.9482707,-2.3196667,-1.9379585
-2.3115145,-1.9520503,-2.3159128,-1.9416411
-2.307046,-1.9565208,-2.311255,-1.9462974
-2.3019322,-1.9616802,-2.3059899,-1.9516984
-2.2961656,-1.9674444,-2.3003117,-1.9574325
-2.2897528,-1.9738123,-2.2941803,-1.963423
-2.2827228,-1.9808275,-2.2871457,-1.9703885
-2.2750887,-1.9884697,-2.2792739,-1.97828
-2.2668816,-1.996732,-2.270912,-1.9867901
-2.2580966,-2.0055076,-2.2622649,-1.9954759
-2.2487499,-2.0148063,-2.2532173,-2.0043716
-2.2388786,-2.0246645,-2.243274,-2.0142744
-2.2285029,-2.0350673,-2.2326437,-2.0249385
-2.217654,-2.0459591,-2.2217208,-2.0359803
-2.206336,-2.057262,-2.2105683,-2.0471622
-2.1945754,-2.0689877,-2.199065,-2.0585538
-2.182407,-2.0811471,-2.1867808,-2.07079
-2.169865,-2.0937343,-2.1739906,-2.0836297
-2.1569747,-2.1066593,-2.1610721,-2.0966493
-2.1437491,-2.1198658,-2.1480464,-2.1096861
-2.1302239,-2.1333662,-2.1347357,-2.1229264
-2.1164315,-2.1471564,-2.1207744,-2.1368402
-2.1024147,-2.1612278,-2.1065207,-2.1511594
-2.0881944,-2.1754726,-2.0923163,-2.1654476
-2.0737922,-2.1898416,-2.0782037,-2.1795496
-2.0592462,-2.204368,-2.0637988,-2.1938788
-2.0445921,-2.2190286,-2.0488977,-2.208733
-2.0298764,-2.2338084,-2.0339832,-2.223731
-2.0151162,-2.2485908,-2.019267,-2.2385517
-2.0003337,-2.2633299,-2.0048329,-2.252987
-1.9855725,-2.2780787,-1.99015,-2.2676073
-1.9708656,-2.2927953,-1.975169,-2.282524
-1.9562615,-2.3074638,-1.9603875,-2.2973818
-1.9417747,-2.321966,-1.945983,-2.3118886
-1.927429,-2.3362695,-1.93198,-2.325908
-1.9132667,-2.3504208,-1.917856,-2.3399764
-1.8993189,-2.3643812,-1.9036343,-2.354117
-1.8856329,-2.3781303,-1.8897669,-2.3680478
-1.8722197,-2.3915476,-1.8764857,-2.381435
-1.8591006,-2.4046172,-1.8637391,-2.3942055
-1.846319,-2.4173898,-1.8509289,-2.406957
-1.8339016,-2.4298261,-1.8381916,-2.4195925
-1.82189,-2.4418927,-1.8260317,-2.4318124
-1.8102893,-2.4534787,-1.8146359,-2.443314
-1.7991217,-2.4645962,-1.803816,-2.454157
-1.7884244,-2.4752785,-1.7929916,-2.46489
-1.7782254,-2.485512,-1.7824814,-2.4753157
-1.7685506,-2.4952194,-1.7727513,-2.4851097
-1.7594032,-2.5043408,-1.7638446,-2.4941145
-1.7508057,-2.5128957,-1.7555357,-2.502451
-1.742783,-2.5208966,-1.7473677,-2.510503
-1.735363,-2.5283593,-1.7395796,-2.5181865
-1.7285605,-2.535187,-1.7327702,-2.5250691
-1.7223728,-2.5413312,-1.726918,-2.5310386
-1.7168165,-2.546841,-1.7216395,-2.5363277
-1.7119129,-2.551728,-1.7164241,-2.5413772
-1.7076848,-2.5560092,-1.7118818,-2.545857
-1.7041285,-2.5595602,-1.7084371,-2.5494038
-1.7012401,-2.5623928,-1.7059023,-2.5520316
-1.6990365,-2.564564,-1.7037736,-2.5541216
-1.6975229,-2.5660683,-1.7019618,-2.5557665
-1.6967182,-2.5669123,-1.700956,-2.5567533
-1.6966082,-2.567021,-1.700955,-2.5568546
-1.6971825,-2.56639,-1.701898,-2.5559999
-1.6984515,-2.5650936,-1.703171,-2.5546616
-1.7004129,-2.5631317,-1.7048233,-2.5528463
-1.7030768,-2.5605096,-1.707312,-2.5503613
-1.7064174,-2.5571514,-1.7108319,-2.5469483
-1.7104217,-2.5530888,-1.7152001,-2.5426394
-1.7150947,-2.5483974,-1.7197561,-2.537987
-1.7204256,-2.5430855,-1.7247528,-2.532849
-1.726412,-2.5371302,-1.7306603,-2.5269874
-1.7330197,-2.5304931,-1.737516,-2.520231
-1.7402365,-2.5232319,-1.7450202,-2.5127503
-1.7480522,-2.515395,-1.7526728,-2.5049673
-1.7564601,-2.5070318,-1.7607073,-2.4968292
-1.7654388,-2.4980823,-1.7696735,-2.487942
-1.7749507,-2.4885281,-1.7795177,-2.4781996
-1.7849783,-2.4784602,-1.7898002,-2.4678954
-1.7955082,-2.467921,-1.8000203,-2.4575263
-1.8065293,-2.4569646,-1.8107328,-2.4467927
-1.8180026,-2.4454948,-1.8223103,-2.4353217
-1.8298914,-2.4335593,-1.8345319,-2.4231492
-1.8421807,-2.42125,-1.8468905,-2.410734
-1.8548423,-2.4085923,-1.8592658,-2.398235
-1.8678647,-2.395633,-1.872061,-2.3854762
-1.8812023,-2.3823105,-1.8854936,-2.372156
-1.8948134,-2.3686513,-1.8994523,-2.3582183
-1.9086819,-2.3547708,-1.9133415,-2.3442584
-1.9227755,-2.3406907,-1.9271619,-2.3303422
-1.9370786,-2.3264467,-1.9412874,-2.3162836
-1.9515412,-2.3119959,-1.9558532,-2.301824
-1.9661226,-2.2973741,-1.97076,-2.2869033
-1.9808031,-2.282688,-1.9854232,-2.272168
-1.9955496,-2.2679638,-1.9998899,-2.2576345
-2.0103434,-2.2532338,-2.01452,-2.243101
-2.0251308,-2.2384466,-2.0294455,-2.2282618
-2.0398735,-2.2236625,-2.0445069,-2.213141
-2.0545548,-2.2089819,-2.0591052,-2.198487
-2.0691394,-2.1944312,-2.0733975,-2.1841728
-2.0836054,-2.1800214,-2.0877497,-2.169938
-2.0978998,-2.1657156,-2.1022242,-2.1555232
-2.1119907,-2.151591,-2.1165932,-2.1410602
-2.1258577,-2.137719,-2.1303395,-2.1272533
-2.139474,-2.1241452,-2.143684,-2.1139354
-2.1528121,-2.1108534,-2.1569501,-2.1007862
-2.1658233,-2.0978261,-2.170152,-2.0876069
-2.1784831,-2.0851368,-2.1830488,-2.074604
-2.19077,-2.0728449,-2.195184,-2.0624187
-2.2026652,-2.0609984,-2.206827,-2.050841
-2.2141367,-2.0495551,-2.2182852,-2.0394831
-2.2251443,-2.0385189,-2.2295054,-2.0282306
-2.2356721,-2.027966,-2.2401995,-2.0174294
-2.245698,-2.0179316,-2.250054,-2.0075258
-2.2552167,-2.0084763,-2.2593025,-1.9984099
-2.264188,-1.999511,-2.268347,-1.9894464
-2.2725831,-1.9910717,-2.2770108,-1.9806815
-2.2803975,-1.9832387,-2.284882,-1.9727137
-2.2876114,-1.9760225,-2.2918745,-1.9657133
-2.2942244,-1.9694607,-2.2983095,-1.9594212
-2.3002027,-1.9634897,-2.30435,-1.9534607
-2.3055242,-1.9581211,-2.3099448,-1.9477369
-2.3101925,-1.9534335,-2.3146402,-1.9429487
-2.3141948,-1.9494308,-2.3184274,-1.9391646
-2.3175365,-1.9461346,-2.3216182,-1.936116
-2.32019,-1.9434786,-2.3243524,-1.9334413
-2.3221442,-1.9414791,-2.3265754,-1.931067
-2.3234085,-1.9401972,-2.327833,-1.9297353
-2.323978,-1.9396316,-2.3281754,-1.9294168
-2.323866,-1.939793,-2.327911,-1.9298372
-2.3230485,-1.9405962,-2.3272218,-1.930552
-2.3215252,-1.9420688,-2.3259765,-1.9316162
-2.3193165,-1.9442594,-2.3236967,-1.9338545
-2.316425,-1.94717,-2.3205637,-1.9370383
-2.3128642,-1.9507654,-2.3169304,-1.9407946
-2.3086213,-1.9549863,-2.3128432,-1.9448788
-2.3037096,-1.9598596,-2.3081614,-1.9494112
-2.2981478,-1.9654049,-2.3024832,-1.9550484
-2.291956,-1.9716328,-2.2960624,-1.9615486
-2.285143,-1.9784684,-2.2892321,-1.968474
-2.2777094,-1.9858733,-2.2819902,-1.9756758
-2.26968,-1.9938748,-2.2741307,-1.9834294
-2.2610742,-2.0024723,-2.2653538,-1.9921821
-2.251924,-2.0116705,-2.2560002,-2.001645
-2.2422344,-2.0213627,-2.2463669,-2.0113418
-2.232022,-2.0315403,-2.2364045,-2.0212331
-2.2213174,-2.0422287,-2.2257727,-2.0317848
-2.2101435,-2.0534035,-2.214389,-2.0431442
-2.1985408,-2.0650629,-2.2026075,-2.0550441
-2.1865178,-2.0771015,-2.1906403,-2.067104
-2.1740915,-2.0894848,-2.1785206,-2.079152
-2.1613025,-2.1022615,-2.1657845,-2.091809
-2.1481777,-2.1153938,-2.1524214,-2.1051508
-2.1347624,-2.128872,-2.1388372,-2.1188527
-2.1210668,-2.142578,-2.1252339,-2.1325427
-2.107114,-2.1564902,-2.1116,-2.146116
-2.0929482,-2.1706501,-2.0974455,-2.1602105
-2.0785989,-2.1850172,-2.0828356,-2.1747936
-2.0641133,-2.1995715,-2.0681744,-2.1895677
-2.0495026,-2.2141858,-2.053704,-2.2041303
-2.034792,-2.228849,-2.0393488,-2.21843
-2.0200311,-2.243606,-2.0245436,-2.23318
-2.0052495,-2.2584158,-2.0094621,-2.2482225
-1.9904933,-2.2732333,-1.9945767,-2.2632114
-1.9757732,-2.2879447,-1.9800489,-2.2778238
-1.9611197,-2.302556,-1.9657208,-2.2921156
-1.9465772,-2.3170916,-1.9510624,-2.3067056
-1.9321827,-2.3315312,-1.936379,-2.3213655
-1.91797,-2.3457867,-1.9221126,-2.3357211
-1.9039538,-2.3597862,-1.9083118,-2.349601
-1.8901668,-2.3735389,-1.8948065,-2.3630966
-1.876646,-2.3870536,-1.881119,-2.3766965
-1.8634313,-2.4003195,-1.8676215,-2.3901678
-1.850547,-2.4132334,-1.8547179,-2.4031464
-1.8380095,-2.4257423,-1.8424587,-2.4154903
-1.8258474,-2.437868,-1.8305713,-2.4273719
-1.814094,-2.449611,-1.8185843,-2.4392363
-1.8027892,-2.4609815,-1.8069307,-2.4508518
-1.791947,-2.4718386,-1.796156,-2.46173
-1.7815764,-2.482152,-1.7861612,-2.471809
-1.7717118,-2.491989,-1.7764248,-2.481518
-1.762376,-2.5013226,-1.7667571,-2.4910387
-1.7536054,-2.5101408,-1.7578096,-2.5000027
-1.7454025,-2.5183467,-1.7497071,-2.5082039
-1.737776,-2.5259212,-1.7424449,-2.5155443
-1.7307532,-2.5329202,-1.7354405,-2.5224916
-1.7243508,-2.5393246,-1.7287332,-2.529052
-1.7185977,-2.5451242,-1.7228006,-2.5349954
-1.7134866,-2.5502201,-1.7178652,-2.5400382
-1.7090223,-2.5546242,-1.7137778,-2.5441915
-1.7052298,-2.5583967,-1.7098798,-2.5480012
-1.7021166,-2.5615264,-1.7064309,-2.5513045
-1.6996992,-2.5639726,-1.7039337,-2.5538417
-1.6979624,-2.5656782,-1.702442,-2.5554403
-1.6969115,-2.5666806,-1.7016906,-2.5562326
-1.6965555,-2.5670098,-1.7011849,-2.556609
-1.6969049,-2.566696,-1.7011558,-2.5565044
-1.6979575,-2.565666,-1.7021923,-2.5555319
-1.6996932,-2.563885,-1.7042644,-2.5535835
-1.7021107,-2.561419,-1.7069643,-2.5508963
-1.7052139,-2.5582968,-1.7097505,-2.5479325
-1.709008,-2.5545546,-1.7132278,-2.5443863
-1.7134719,-2.5500878,-1.7177938,-2.5399205
-1.718583,-2.5449215,-1.7232574,-2.5345446
-1.7243409,-2.5391332,-1.7290925,-2.5286652
-1.7307328,-2.5327343,-1.7351843,-2.5224093
-1.7377604,-2.5257543,-1.7419901,-2.5155925
-1.7453924,-2.5181266,-1.7497275,-2.5079602
-1.7536005,-2.509864,-1.7583,-2.4994568
-1.7623783,-2.501064,-1.7670887,-2.4906
-1.7717068,-2.4917406,-1.7761226,-2.4814237
-1.7815799,-2.4819156,-1.7858222,-2.4717487
-1.7919564,-2.4715346,-1.7963413,-2.4613296
-1.8028069,-2.4606332,-1.8075452,-2.4501578
-1.814121,-2.4493102,-1.8187741,-2.4388515
-1.8258723,-2.4375833,-1.8302063,-2.4273123
-1.8380461,-2.4254586,-1.8422585,-2.415324
-1.8505948,-2.4128925,-1.8550162,-2.4026607
-1.8634893,-2.3999575,-1.8682174,-2.3894485
-1.8767116,-2.3867275,-1.8812912,-2.376279
-1.8902372,-2.3732454,-1.8945134,-2.3630048
-1.9040382,-2.359487,-1.9082513,-2.3493532
-1.9180658,-2.345439,-1.9225118,-2.335158
-1.9322923,-2.331182,-1.9369987,-2.3206376
-1.9466918,-2.3167757,-1.9512453,-2.3062924
-1.9612422,-2.302285,-1.9654474,-2.2920803
-1.9759084,-2.2876624,-1.980087,-2.2775482
-1.9906399,-2.2729005,-1.9951149,-2.262567
-2.0054084,-2.258101,-2.0101403,-2.24746
-2.020189,-2.243321,-2.0246465,-2.232871
-2.0349621,-2.2286261,-2.0391091,-2.2184702
-2.0496801,-2.2139298,-2.0538843,-2.2038077
-2.0642966,-2.1992635,-2.0688314,-2.1888338
-2.0787948,-2.184756,-2.0834088,-2.1741804
-2.09314,-2.170424,-2.0974556,-2.160092
-2.1073166,-2.1563095,-2.1114748,-2.1461862
-2.1212729,-2.142365,-2.125517,-2.1322385
-2.1349717,-2.1286302,-2.1395117,-2.1181755
-2.1483945,-2.1151999,-2.1529347,-2.1046767
-2.16151,-2.1021001,-2.1657995,-2.0917888
-2.1743048,-2.0893649,-2.178437,-2.0792781
-2.186728,-2.0769428,-2.1909727,-2.0668124
-2.1987482,-2.0648806,-2.2032877,-2.0543821
-2.210354,-2.05327,-2.2148324,-2.0427873
-2.2215165,-2.0421315,-2.2257303,-2.0319064
-2.2322222,-2.0314763,-2.2363218,-2.0214499
-2.2424256,-2.0212584,-2.2466782,-2.0111281
-2.2521044,-2.0115413,-2.2566205,-2.0010412
-2.261249,-2.0023836,-2.26567,-1.9919401
-2.2698416,-1.9938206,-2.2740136,-1.9836509
-2.2778667,-1.9858347,-2.2819628,-1.9758267
-2.2852875,-1.9783942,-2.289549,-1.9682409
-2.2920905,-1.9715548,-2.296581,-1.9610612
-2.2982696,-1.9653614,-2.3026341,-1.954966
-2.3038176,-1.95985,-2.3079478,-1.9497346
-2.308718,-1.9549714,-2.3128287,-1.9449511
-2.3129448,-1.9507134,-2.3172463,-1.9404793
-2.3164967,-1.9471307,-2.3209626,-1.9366374
-2.319369,-1.944248,-2.3236526,-1.9339306
-2.3215674,-1.9420928,-2.3256546,-1.9320583
-2.3230702,-1.9405842,-2.327219,-1.9305426
-2.3238708,-1.939746,-2.3282462,-1.92941
-2.323976,-1.9396203,-2.3284022,-1.9291616
-2.3233827,-1.9402068,-2.3276147,-1.929941
-2.3221093,-1.9415236,-2.3261792,-1.9315124
-2.32014,-1.9434967,-2.32427,-1.9334928
-2.3174702,-1.9461198,-2.3218678,-1.9357601
-2.3141207,-1.9494493,-2.318545,-1.938994
-2.3100964,-1.9534727,-2.3143083,-1.9432375
-2.3054215,-1.9581964,-2.309478,-1.9482131
-2.300085,-1.9635294,-2.3042342,-1.9535129
-2.2940933,-1.9694742,-2.2985288,-1.9590695
-2.2874755,-1.9760776,-2.291897,-1.9656357
-2.2802433,-1.9833206,-2.2844116,-1.973145
-2.2724255,-1.9911872,-2.2764674,-1.9812319
-2.2640165,-1.9995818,-2.268207,-1.9895203
-2.255035,-2.0085197,-2.2595,-1.9980825
-2.245513,-2.0180262,-2.2498928,-2.0076418
-2.2354754,-2.0280958,-2.2396115,-2.017975
-2.2249466,-2.0386645,-2.2290176,-2.0286833
-2.213932,-2.0496628,-2.21817,-2.0395526
-2.2024585,-2.0611023,-2.2069446,-2.0506672
-2.19056,-2.0729921,-2.1949226,-2.062643
-2.1782697,-2.0853292,-2.1823875,-2.0752335
-2.1656114,-2.0980185,-2.1697127,-2.0880059
-2.1525992,-2.1110089,-2.1569067,-2.1008127
-2.139268,-2.1243167,-2.14377,-2.1138786
-2.1256496,-2.1379343,-2.1299719,-2.1276333
-2.1117874,-2.1518544,-2.1158829,-2.141799
-2.0976987,-2.165957,-2.1018431,-2.1559192
-2.0834075,-2.1802143,-2.0878438,-2.1698984
-2.0689532,-2.1946548,-2.0734879,-2.1841935
-2.0543674,-2.2092463,-2.0586599,-2.1989669
-2.039699,-2.223982,-2.0437859,-2.2139279
-2.0249645,-2.2387391,-2.0291061,-2.2287146
-2.0101849,-2.2534732,-2.0146754,-2.2431399
-1.9954054,-2.2682406,-1.9999689,-2.257782
-1.9806583,-2.2829977,-1.9849565,-2.2727326
-1.9659923,-2.297728,-1.9701133,-2.287654
-1.951422,-2.3123132,-1.9556296,-2.30224
-1.9369711,-2.3267223,-1.9415202,-2.3163606
-1.9226826,-2.3410007,-1.9272643,-2.330561
-1.9085884,-2.3551093,-1.9128953,-2.3448519
-1.8947349,-2.3690275,-1.89886,-2.3589543
-1.8811338,-2.382632,-1.8853968,-2.3725237
-1.8678067,-2.3959087,-1.8724452,-2.3854932
-1.8547982,-2.4089092,-1.8594004,-2.3984784
-1.842135,-2.4215928,-1.8464167,-2.4113644
-1.8298596,-2.4339234,-1.833997,-2.4238476
-1.8179772,-2.4457914,-1.822322,-2.4356276
-1.806511,-2.4572078,-1.811201,-2.446768
-1.7954985,-2.468206,-1.8000584,-2.4578193
-1.784969,-2.4787716,-1.7892185,-2.4685785
-1.7749479,-2.4888288,-1.7791185,-2.4787346
-1.7654426,-2.4983076,-1.7698674,-2.4881047
-1.7564696,-2.5072314,-1.7612274,-2.4967634
-1.7480606,-2.5156187,-1.7526629,-2.5052043
-1.7402431,-2.523481,-1.7444526,-2.5133065
-1.7330327,-2.5307196,-1.7372325,-2.5206047
-1.7264271,-2.537282,-1.730963,-2.5269958
-1.7204433,-2.5432195,-1.7252655,-2.5327064
-1.7151039,-2.5485417,-1.7196204,-2.538187
-1.7104329,-2.5532664,-1.7146293,-2.5431117
-1.7064284,-2.5572683,-1.7107252,-2.5471162
-1.7030863,-2.5605532,-1.707742,-2.5501968
-1.7004247,-2.5631822,-1.705166,-2.5527376
-1.6984497,-2.5651463,-1.702894,-2.554841
-1.6971816,-2.566456,-1.7014065,-2.556303
-1.696608,-2.5670303,-1.7009343,-2.5568742
-1.6967182,-2.5668613,-1.7014208,-2.5564817
-1.6975241,-2.5660273,-1.7022479,-2.555594
-1.699024,-2.5645243,-1.7034442,-2.5542337
-1.7012296,-2.5623587,-1.7054738,-2.552203
-1.7041168,-2.559458,-1.7085198,-2.5492595
-1.7076725,-2.555844,-1.7124441,-2.5454024
-1.7119027,-2.551595,-1.7165765,-2.5411814
-1.7167972,-2.5467159,-1.7211381,-2.5364732
-1.7223557,-2.5411912,-1.7265958,-2.5310532
-1.7285456,-2.5349735,-1.7330216,-2.5247315
-1.735353,-2.5281197,-1.740133,-2.5176486
-1.7427709,-2.5206782,-1.7474198,-2.5102423
-1.7507907,-2.5126954,-1.7550634,-2.5024792
-1.7593963,-2.5041257,-1.763614,-2.4939958
-1.7685497,-2.494936,-1.7730802,-2.484645
-1.7782307,-2.4852082,-1.7830712,-2.4746465
-1.7884289,-2.4749976,-1.7929946,-2.4645726
-1.7991328,-2.4643573,-1.803338,-2.454171
-1.8103094,-2.4532026,-1.8145559,-2.4430558
-1.821917,-2.4415413,-1.826525,-2.4311613
-1.8339398,-2.4294921,-1.8386531,-2.4189695
-1.8463559,-2.4170784,-1.8507922,-2.4067112
-1.8591508,-2.4043435,-1.8633583,-2.3941754
-1.8722804,-2.3912276,-1.8765701,-2.3810703
-1.8857043,-2.3777565,-1.8903424,-2.3673269
-1.899405,-2.364042,-1.9040804,-2.3535193
-1.9133513,-2.3501066,-1.9177454,-2.339754
-1.9275283,-2.3359898,-1.9317373,-2.3258249
-1.9418863,-2.3216451,-1.946191,-2.311478
-1.9563844,-2.3071061,-1.9610152,-2.2966477
-1.9710031,-2.2924796,-1.9756335,-2.2819566
-1.9857087,-2.2777928,-1.9900652,-2.2674516
-2.000484,-2.2630793,-2.004674,-2.2529324
-2.015276,-2.2482938,-2.0195855,-2.238113
-2.0300449,-2.2334834,-2.0346758,-2.2229728
-2.0447736,-2.2187551,-2.0493381,-2.208253
-2.0594266,-2.2041332,-2.0637018,-2.19386
-2.0739833,-2.1896359,-2.0781283,-2.1795489
-2.0883902,-2.1752197,-2.0927038,-2.1650413
-2.1026142,-2.1609598,-2.1072198,-2.1504344
-2.1166368,-2.1469358,-2.1211315,-2.1364702
-2.1304263,-2.1331862,-2.1346399,-2.1229711
-2.1439592,-2.1197002,-2.1481007,-2.1096278
-2.157185,-2.1064585,-2.1615192,-2.0962321
-2.1700786,-2.093536,-2.174648,-2.0830013
-2.1826178,-2.0809926,-2.1870312,-2.0705676
-2.1947836,-2.0688769,-2.198945,-2.05872
-2.2065429,-2.0571455,-2.2106947,-2.0470696
-2.2178549,-2.0458041,-2.2222234,-2.0355077
-2.2287031,-2.0349315,-2.2332302,-2.0243961
-2.239066,-2.0245619,-2.243415,-2.0141633
-2.2489363,-2.0147566,-2.2530197,-2.0046958
-2.2582718,-2.0054227,-2.262443,-1.9953471
-2.2670456,-1.996608,-2.2714778,-1.9862136
-2.2752508,-1.9883854,-2.2797302,-1.9778693
-2.2828664,-1.9807692,-2.287129,-1.9704619
-2.2898918,-1.9737933,-2.293986,-1.9637436
-2.296292,-1.9673997,-2.3004512,-1.9573566
-2.3020443,-1.9616021,-2.306473,-1.9512065
-2.3071507,-1.956477,-2.3115994,-1.9459916
-2.311598,-1.9520305,-2.3158306,-1.9417653
-2.315391,-1.9482842,-2.3194722,-1.9382678
-2.3185002,-1.9451715,-2.3226682,-1.9351288
-2.320913,-1.9427123,-2.3253547,-1.9322856
-2.3226396,-1.9409691,-2.3270642,-1.9305068
-2.3236736,-1.9399421,-2.3278533,-1.9297494
-2.3240255,-1.9396343,-2.328079,-1.9296709
-2.323671,-1.93997,-2.327865,-1.9298981
-2.3226117,-1.9409839,-2.3270613,-1.9305314
-2.3208624,-1.9427133,-2.3252286,-1.9323164
-2.318429,-1.94517,-2.3225635,-1.9350485
-2.3153201,-1.9483107,-2.3193919,-1.9383366
-2.311524,-1.9520845,-2.3157545,-1.9419626
-2.3070527,-1.9565185,-2.311504,-1.9460676
-2.3019239,-1.9616314,-2.3062505,-1.9512833
-2.2961575,-1.9674356,-2.3002604,-1.9573602
-2.2897593,-1.9738531,-2.293854,-1.9638544
-2.2827297,-1.9808512,-2.2870194,-1.9706397
-2.275094,-1.9884589,-2.2795416,-1.9780129
-2.2668704,-1.9966761,-2.2711324,-1.9864022
-2.25809,-2.0055046,-2.2621626,-1.9954926
-2.248757,-2.0148413,-2.252893,-2.0048319
-2.2388817,-2.0246716,-2.2432932,-2.0143169
-2.2285038,-2.0350388,-2.2329067,-2.0246625
-2.217643,-2.04592,-2.2218033,-2.0357913
-2.2063326,-2.057267,-2.2104346,-2.0472627
-2.1945788,-2.0690107,-2.1988198,-2.0588954
-2.1824118,-2.0811522,-2.1868705,-2.0707682
-2.1698622,-2.093696,-2.1742204,-2.0833759
-2.1569663,-2.1066359,-2.1611017,-2.0965359
-2.1437494,-2.1198838,-2.1478611,-2.1098659
-2.1302277,-2.1333886,-2.134526,-2.123214
-2.1164371,-2.1471576,-2.1209365,-2.1367456
-2.1024096,-2.161184,-2.1067537,-2.1508814
-2.088188,-2.1754583,-2.0923047,-2.1653863
-2.0737947,-2.1898762,-2.0779231,-2.1798486
-2.0592523,-2.2043887,-2.0636563,-2.1941136
-2.0445977,-2.2190226,-2.0491607,-2.2085396
-2.0298674,-2.2337576,-2.0341871,-2.223455
-2.0151082,-2.2485844,-2.019208,-2.2385134
-2.0003378,-2.2633785,-2.0044811,-2.2533466
-1.9855775,-2.2780932,-1.9900789,-2.2677568
-1.9708713,-2.2927862,-1.9754572,-2.2823173
-1.956252,-2.307415,-1.9605607,-2.297143
-1.9417676,-2.3219627,-1.9458971,-2.3118774
-1.9274334,-2.3363138,-1.9316398,-2.3262376
-1.9132716,-2.3504325,-1.9178251,-2.340076
-1.8993245,-2.3643676,-1.9039241,-2.3539218
-1.8856232,-2.3780798,-1.8899471,-2.367812
-1.8722135,-2.3915511,-1.8763571,-2.3814603
-1.8591069,-2.4046627,-1.8633759,-2.3945466
-1.8463237,-2.4173971,-1.8509615,-2.4069923
-1.8339056,-2.4298044,-1.838524,-2.4193715
-1.8218792,-2.4418482,-1.8261789,-2.4316093
-1.8102855,-2.4534956,-1.8144337,-2.4434096
-1.7991287,-2.464638,-1.8034791,-2.4544705
-1.7884299,-2.4752864,-1.79313,-2.4648472
-1.7782245,-2.4854754,-1.7828003,-2.4750856
-1.7685401,-2.495192,-1.7728035,-2.4849929
-1.7594017,-2.5043632,-1.7636054,-2.4942511
-1.7508112,-2.5129272,-1.7552545,-2.5027024
-1.7427893,-2.5209054,-1.7475251,-2.5104617
-1.73536,-2.5283123,-1.7399535,-2.5179166
-1.72855,-2.5351633,-1.7327734,-2.5249862
-1.7223724,-2.541366,-1.7265838,-2.5312465
-1.7168238,-2.5468718,-1.7213684,-2.5365824
-1.7119188,-2.5517293,-1.7167494,-2.5412163
-1.707677,-2.5559531,-1.7121966,-2.5455998
-1.7041203,-2.559562,-1.708322,-2.5494064
-1.7012439,-2.5624348,-1.7055489,-2.55228
-1.6990415,-2.56458,-1.7037039,-2.5542213
-1.6975287,-2.5660604,-1.7022728,-2.5556148
-1.696709,-2.5668691,-1.7011545,-2.5565633
-1.6966002,-2.5670189,-1.700831,-2.5568622
-1.6971868,-2.5664324,-1.701522,-2.5562712
-1.6984564,-2.5651048,-1.7031648,-2.5547196
-1.7004173,-2.5631157,-1.7051407,-2.5526806
-1.7030666,-2.5604645,-1.7074851,-2.5501734
-1.7064123,-2.5571598,-1.710656,-2.5470046
-1.7104281,-2.5531298,-1.7148358,-2.5429286
-1.7150985,-2.5484017,-1.7198722,-2.5379545
-1.720427,-2.5430552,-1.7250966,-2.5326392
-1.7264012,-2.5370985,-1.730738,-2.526855
-1.7330183,-2.5305165,-1.7372593,-2.520377
-1.7402425,-2.523265,-1.744722,-2.5130154
-1.7480587,-2.5154032,-1.752836,-2.5049247
-1.7564572,-2.5069832,-1.7610959,-2.4965442
-1.7654276,-2.498053,-1.7696928,-2.4878382
-1.7749506,-2.4885658,-1.7791698,-2.4784337
-1.7849869,-2.4784933,-1.78952,-2.468192
-1.7955151,-2.4679214,-1.800351,-2.457349
-1.8065218,-2.4569038,-1.8110775,-2.4464759
-1.817994,-2.4454972,-1.8221955,-2.435312
-1.8298965,-2.4336165,-1.8341415,-2.4234706
-1.8421867,-2.4212726,-1.8467912,-2.4108864
-1.8548473,-2.4085873,-1.8595493,-2.398061
-1.8678551,-2.3955847,-1.8722822,-2.385217
-1.8811939,-2.3823067,-1.8853978,-2.3721405
-1.8948181,-2.3686978,-1.899105,-2.3585407
-1.9086864,-2.354784,-1.913316,-2.3443497
-1.9227806,-2.3406774,-1.9274441,-2.3301512
-1.9370687,-2.3264016,-1.9414545,-2.316048
-1.9515346,-2.3119963,-1.9557384,-2.3018347
-1.966128,-2.297417,-1.9704264,-2.2872528
-1.9808078,-2.2826973,-1.9854285,-2.2722362
-1.995554,-2.2679447,-2.000173,-2.2574185
-2.0103327,-2.253185,-2.0146802,-2.242846
-2.025126,-2.238454,-2.0293081,-2.2283136
-2.0398811,-2.2237047,-2.0441821,-2.2135292
-2.0545584,-2.208986,-2.0591775,-2.1984748
-2.0691412,-2.1944033,-2.0736944,-2.1839021
-2.0835943,-2.179981,-2.0878611,-2.1697134
-2.0978977,-2.165737,-2.1020358,-2.1556577
-2.1119978,-2.1516272,-2.1163021,-2.1414548
-2.1258622,-2.1377267,-2.1304551,-2.1272026
-2.1394736,-2.1241127,-2.1439575,-2.1136504
-2.1528016,-2.1108238,-2.157008,-2.1006153
-2.1658229,-2.0978478,-2.1699594,-2.0877826
-2.1784886,-2.0851657,-2.1828147,-2.074944
-2.1907746,-2.0728505,-2.1953317,-2.0623195
-2.2026607,-2.0609593,-2.2070633,-2.0505402
-2.2141289,-2.0495398,-2.2182845,-2.0393913
-2.2251471,-2.0385474,-2.2292944,-2.028478
-2.2356771,-2.0279872,-2.2400383,-2.0176942
-2.2457038,-2.0179356,-2.2502183,-2.0074071
-2.2552074,-2.0084243,-2.2595457,-1.9980342
-2.2641822,-1.9995122,-2.2682606,-1.989462
-2.272591,-1.9911164,-2.2767135,-1.9811059
-2.2804025,-1.9832523,-2.2848283,-1.9728718
-2.2876169,-1.9760181,-2.292097,-1.9654981
-2.2942146,-1.9694177,-2.2984673,-1.9591266
-2.3001965,-1.9634843,-2.3042861,-1.9534472
-2.3055302,-1.9581558,-2.3096842,-1.9481252
-2.3101965,-1.9534444,-2.3146175,-1.9430596
-2.3141986,-1.949423,-2.3186408,-1.9389452
-2.317526,-1.9460956,-2.3217539,-1.9358379
-2.3201855,-1.9434823,-2.3242625,-1.9334735
-2.322151,-1.9415132,-2.3263148,-1.931477
-2.323412,-1.9402056,-2.3278493,-1.929784
-2.3239812,-1.9396193,-2.3284022,-1.9291612
-2.3238546,-1.9397526,-2.3280312,-1.9295635
-2.3230456,-1.9406053,-2.3270966,-1.9306451
-2.3215326,-1.9420995,-2.3257242,-1.9320308
-2.3193196,-1.944267,-2.3237683,-1.9338179
-2.3164235,-1.9471431,-2.3207895,-1.9367492
-2.3128535,-1.9507369,-2.3169874,-1.9406172
-2.30862,-1.9550022,-2.3126916,-1.9450291
-2.303715,-1.9598858,-2.3079456,-1.9497666
-2.2981523,-1.9654118,-2.3026058,-1.954964
-2.2919513,-1.9715974,-2.2962805,-1.9612508
-2.2851347,-1.9784526,-2.2892383,-1.9683766
-2.2777108,-1.9858966,-2.2818059,-1.975898
-2.269683,-1.9938942,-2.273974,-1.9836857
-2.2610778,-2.002472,-2.26553,-1.992029
-2.2519156,-2.0116286,-2.2561835,-2.0013531
-2.2422296,-2.021364,-2.2463044,-2.0113486
-2.232027,-2.031573,-2.2361602,-2.0215676
-2.2213196,-2.0422359,-2.2257336,-2.0318879
-2.2101477,-2.0533983,-2.21456,-2.0430187
-2.198534,-2.065033,-2.2027005,-2.0548973
-2.1865126,-2.0770924,-2.1906174,-2.0670832
-2.1740924,-2.0895044,-2.1783325,-2.0793936
-2.161304,-2.1022664,-2.1657714,-2.0918834
-2.14818,-2.1153851,-2.1525534,-2.1050574
-2.134757,-2.1288512,-2.1389014,-2.1187414
-2.1210637,-2.1425787,-2.1251768,-2.1325587
-2.1071161,-2.1565114,-2.111415,-2.1463436
-2.0929502,-2.170654,-2.0974671,-2.1602355
-2.0785997,-2.1850036,-2.082962,-2.1746892
-2.0641079,-2.1995493,-2.0682339,-2.189464
-2.049499,-2.2141832,-2.0536504,-2.204132
-2.0347924,-2.2288572,-2.0392033,-2.2185804
-2.0200307,-2.243604,-2.0245435,-2.233192
-2.0052476,-2.2583965,-2.0095639,-2.2481169
-1.9904879,-2.2732147,-1.9946072,-2.2631372
-1.975772,-2.2879506,-1.9799427,-2.2779015
-1.9611218,-2.3025593,-1.96564,-2.292218
-1.9465796,-2.3170887,-1.9511733,-2.3066255
-1.9321781,-2.3314997,-1.936493,-2.32123
-1.9179652,-2.3457755,-1.9221023,-2.3356868
-1.9039546,-2.3597995,-1.9081823,-2.3497094
-1.8901688,-2.3735417,-1.894744,-2.3631748
-1.8766491,-2.3870493,-1.8812544,-2.3766102
-1.8634259,-2.4002851,-1.8677489,-2.3900236
-1.8505434,-2.413229,-1.8546842,-2.4031426
-1.8380115,-2.425762,-1.8422988,-2.4156379
-1.8258493,-2.437872,-1.8305183,-2.4274513
-1.8140984,-2.449612,-1.8187188,-2.439186
-1.8027836,-2.4609455,-1.8070754,-2.4507166
-1.7919436,-2.4718357,-1.7960987,-2.4617478
-1.7815801,-2.4821802,-1.7859535,-2.4720022
-1.7717142,-2.4919957,-1.7764281,-2.4815568
-1.7623792,-2.5013145,-1.7669463,-2.4909354
-1.753601,-2.5101281,-1.7578547,-2.4999367
-1.7454003,-2.5183588,-1.7495942,-2.50825
-1.7377802,-2.5259475,-1.7422488,-2.5157143
-1.7307552,-2.5329243,-1.7355372,-2.5224499
-1.7243507,-2.5393065,-1.7289385,-2.528908
-1.7185919,-2.545114,-1.7227886,-2.5349487
-1.7134864,-2.5502404,-1.7177066,-2.5401157
-1.7090275,-2.5546461,-1.713609,-2.5443348
-1.7052311,-2.5583981,-1.7100318,-2.5479044
-1.7021134,-2.561499,-1.7066077,-2.5511621
-1.6996942,-2.5639716,-1.7038875,-2.553832
-1.6979638,-2.5656992,-1.7022725,-2.5555524
-1.6969135,-2.5666863,-1.7016084,-2.5563108
-1.696559,-2.567012,-1.7012694,-2.5565895
-1.696901,-2.5666684,-1.7013127,-2.556384
-1.6979529,-2.5656563,-1.702188,-2.555507
-1.6996937,-2.5639006,-1.7040962,-2.5537044
-1.7021126,-2.5614225,-1.7068859,-2.550982
-1.7052184,-2.5582966,-1.7098874,-2.5478884
-1.7090036,-2.554527,-1.7133379,-2.5442892
-1.7134697,-2.5500923,-1.7177125,-2.5399536
-1.7185867,-2.544946,-1.7230715,-2.534699
-1.7243437,-2.539142,-1.7291277,-2.5286735
-1.7307353,-2.5327264,-1.735375,-2.5223004
-1.7377561,-2.5257436,-1.7420197,-2.5155357
-1.7453909,-2.5181397,-1.749619,-2.5080048
-1.7536039,-2.5098876,-1.7581543,-2.4995831
-1.7623788,-2.5010678,-1.7672269,-2.490509
-1.7717059,-2.4917277,-1.7762567,-2.4813207
-1.7815759,-2.4819192,-1.7857871,-2.4717366
-1.7919565,-2.4715525,-1.796228,-2.4613975
-1.8028089,-2.4606432,-1.8074476,-2.4502481
-1.8141214,-2.4493078,-1.8188622,-2.4387847
-1.8258691,-2.437564,-1.8302777,-2.4272302
-1.8380421,-2.4254454,-1.8422725,-2.4152755
-1.8505951,-2.4129018,-1.8549238,-2.4027282
-1.8634915,-2.3999614,-1.8681591,-2.3895203
-1.8767142,-2.3867263,-1.8813846,-2.376222
-1.8902335,-2.3732215,-1.8946177,-2.3628858
-1.9040345,-2.3594788,-1.9082496,-2.349318
-1.9180666,-2.3454496,-1.9224113,-2.3352534
-1.932292,-2.3311802,-1.9369717,-2.320678
-1.9466941,-2.316777,-1.9512997,-2.3062853
-1.9612386,-2.3022631,-1.9655417,-2.291983
-1.9759051,-2.287655,-1.9800785,-2.2775422
-1.9906403,-2.2729095,-1.9949969,-2.262705
-2.0054094,-2.258104,-2.0100678,-2.2475761
-2.0201925,-2.2433206,-2.0247262,-2.2328547
-2.0349575,-2.2285992,-2.0391969,-2.218367
-2.0496777,-2.2139262,-2.0538503,-2.203821
-2.0643005,-2.1992875,-2.0686832,-2.1890262
-2.0787977,-2.184763,-2.083423,-2.174213
-2.0931428,-2.1704181,-2.0975893,-2.159984
-2.107314,-2.156303,-2.1114966,-2.1461262
-2.1212721,-2.1423787,-2.1254318,-2.1322895
-2.1349744,-2.1286496,-2.1393913,-2.1183244
-2.1483945,-2.115203,-2.1530243,-2.1045771
-2.1615087,-2.1020873,-2.1658932,-2.0916603
-2.1743022,-2.0893679,-2.1784061,-2.079267
-2.1867281,-2.0769517,-2.190911,-2.0668566
-2.1987497,-2.064888,-2.2032164,-2.0544794
-2.210354,-2.0532684,-2.214883,-2.0427237
-2.2215127,-2.0421124,-2.2258087,-2.0317737
-2.2322177,-2.031468,-2.2363135,-2.0214065
-2.2424268,-2.0212718,-2.2465895,-2.0112221
-2.2521066,-2.0115457,-2.2565585,-2.001145
-2.2612513,-2.0023853,-2.2657346,-1.991878
-2.269838,-1.9938016,-2.2740976,-1.9835079
-2.2778631,-1.9858257,-2.2819678,-1.9757729
-2.2852887,-1.9784035,-2.2894682,-1.9683445
-2.292092,-1.9715575,-2.2965406,-1.9611416
-2.2982718,-1.9653617,-2.3027235,-1.9548777
-2.3038122,-1.9598262,-2.308039,-1.9495727
-2.3087152,-1.9549727,-2.3127903,-1.944971
-2.3129484,-1.9507313,-2.3171347,-1.9406654
-2.3164972,-1.9471339,-2.3209575,-1.936673
-2.319371,-1.9442434,-2.3237733,-1.9338116
-2.321561,-1.9420692,-2.325721,-1.9319083
-2.323071,-1.9405961,-2.3271405,-1.93062
-2.323877,-1.9397694,-2.3280913,-1.9296764
-2.3239783,-1.9396265,-2.3284332,-1.9291683
-2.3233854,-1.9401997,-2.3277417,-1.9298136
-2.3221048,-1.9415079,-2.3262311,-1.9313985
-2.3201383,-1.9435008,-2.324221,-1.9335154
-2.3174738,-1.9461399,-2.3217272,-1.9359767
-2.3141228,-1.9494569,-2.3185715,-1.9389988
-2.3100976,-1.9534675,-2.3144013,-1.9431394
-2.305418,-1.9581851,-2.3095087,-1.9481348
-2.300083,-1.9635317,-2.3041936,-1.9535234
-2.2940935,-1.9694797,-2.298431,-1.959196
-2.2874752,-1.9760758,-2.291899,-1.965647
-2.2802411,-1.9833101,-2.2844442,-1.9730974
-2.2724217,-1.9911761,-2.2764906,-1.9811828
-2.264015,-1.9995781,-2.2681817,-1.9895454
-2.2550336,-2.0085182,-2.2594518,-1.9981493
-2.2455128,-2.0180248,-2.2498914,-2.0076644
-2.2354738,-2.028087,-2.2396368,-2.0179473
-2.2249442,-2.0386591,-2.2290121,-2.0286846
-2.2139307,-2.0496627,-2.2181412,-2.0395883
-2.2024578,-2.0611006,-2.2069258,-2.050698
-2.1905595,-2.0729889,-2.1949436,-2.0626332
-2.1782676,-2.085318,-2.1824135,-2.0751995
-2.1656104,-2.0980152,-2.1696993,-2.0880172
-2.1526002,-2.1110127,-2.156859,-2.1008887
-2.139268,-2.1243147,-2.143774,-2.1138909
-2.12565,-2.137928,-2.1300272,-2.1275877
-2.1117849,-2.1518437,-2.1159155,-2.1417412
-2.0976993,-2.1659614,-2.1018181,-2.1559318
-2.0834103,-2.1802298,-2.0877422,-2.1700245
-2.0689563,-2.1946622,-2.0734859,-2.1842295
-2.05437,-2.2092427,-2.0587645,-2.1988837
-2.0396985,-2.2239813,-2.0437864,-2.2139093
-2.0249642,-2.2387465,-2.0290808,-2.2287148
-2.010186,-2.2534844,-2.01463,-2.2431797
-1.9954045,-2.2682434,-2.0000016,-2.2577366
-1.9806573,-2.2829958,-1.984988,-2.2726914
-1.9659902,-2.297728,-1.9701134,-2.2876333
-1.9514208,-2.3123199,-1.9555845,-2.3022662
-1.9369702,-2.326724,-1.9414986,-2.3163785
-1.9226813,-2.3409988,-1.9272939,-2.330527
-1.9085864,-2.3551015,-1.9129113,-2.344825
-1.8947322,-2.3690172,-1.8988777,-2.3589176
-1.8811322,-2.382631,-1.8853613,-2.3725368
-1.8678076,-2.3959109,-1.8723887,-2.3855478
-1.8547986,-2.4089059,-1.8594189,-2.398464
-1.8421339,-2.42158,-1.8464721,-2.4113108
-1.8298574,-2.433915,-1.8340144,-2.423815
-1.8179776,-2.4457961,-1.8222724,-2.4356648
-1.8065122,-2.4572092,-1.8111862,-2.446794
-1.7955009,-2.4682082,-1.8001365,-2.4577798
-1.7849666,-2.478758,-1.7892746,-2.4685208
-1.7749468,-2.488827,-1.7791107,-2.4787315
-1.7654415,-2.4983128,-1.7698205,-2.4881314
-1.7564696,-2.507233,-1.7611926,-2.496795
-1.7480619,-2.5156227,-1.7526422,-2.5052413
-1.7402428,-2.5234743,-1.7445073,-2.5132777
-1.7330309,-2.5307158,-1.7372291,-2.5206043
-1.7264274,-2.5372876,-1.7308981,-2.527057
-1.7204441,-2.5432211,-1.7252343,-2.5327486
-1.7151043,-2.548537,-1.719706,-2.5381354
-1.7104306,-2.5532574,-1.7146364,-2.543087
-1.7064287,-2.5572814,-1.710651,-2.5471543
-1.7030891,-2.5605685,-1.7076684,-2.5502604
-1.7004248,-2.5631868,-1.7052418,-2.5526859
