-2.3230556,-1.9405483,-2.3274657,-1.930165,,,,-2.1930556,-1.8105483,-2.1974657,-1.800165
-2.3215338,-1.9420506,-2.3259555,-1.9315933,,,,-2.1915338,-1.8120506,-2.1959555,-1.8015933
-2.3193222,-1.9442629,-2.3235263,-1.9340367,,,,-2.1893222,-1.8142629,-2.1935263,-1.8040367
-2.3164402,-1.9471943,-2.320489,-1.937226,,,,-2.1864402,-1.8171943,-2.190489,-1.807226
-2.3128716,-1.9507555,-2.317028,-1.9407351,,,,-2.1828716,-1.8207555,-2.187028,-1.8107351
-2.308619,-1.9549583,-2.3130652,-1.9445303,,,,-2.178619,-1.8249583,-2.1830652,-1.8145303
-2.3037094,-1.9598519,-2.3081194,-1.9494157,,,,-2.1737094,-1.8298519,-2.1781194,-1.8194157
-2.29815,-1.9654232,-2.3023063,-1.955262,,,,-2.16815,-1.8354232,-2.1723063,-1.825262
-2.291965,-1.971654,-2.2960078,-1.9617025,,,,-2.161965,-1.841654,-2.1660078,-1.8317025
-2.2851447,-1.9784559,-2.289342,-1.9683847,,,,-2.1551447,-1.8484559,-2.159342,-1.8383847
-2.2777056,-1.9858519,-2.2821642,-1.9754107,,,,-2.1477056,-1.8558519,-2.1521642,-1.8454107
-2.2696756,-1.9938655,-2.2740365,-1.9834924,,,,-2.1396756,-1.8638655,-2.1440365,-1.8534924
-2.2610773,-2.0024976,-2.2651993,-1.9923933,,,,-2.1310773,-1.8724976,-2.1351993,-1.8623933
-2.2519292,-2.0116782,-2.2560068,-2.0016937,,,,-2.1219292,-1.8816782,-2.1260068,-1.8716937
-2.242235,-2.0213522,-2.246491,-2.0112033,,,,-2.112235,-1.8913522,-2.116491,-1.8812033
-2.232021,-2.0315348,-2.2364951,-2.0210888,,,,-2.102021,-1.9015348,-2.1064951,-1.8910888
-2.2213153,-2.0422317,-2.2256404,-2.0319058,,,,-2.0913153,-1.9122317,-2.0956404,-1.9019058
-2.210152,-2.0534427,-2.214248,-2.043381,,,,-2.080152,-1.9234427,-2.084248,-1.913381
-2.198547,-2.065069,-2.2026604,-2.0550519,,,,-2.068547,-1.935069,-2.0726604,-1.9250519
-2.1865126,-2.0770688,-2.190863,-2.0668067,,,,-2.0565126,-1.9470688,-2.060863,-1.9368067
-2.1740865,-2.0894754,-2.1785473,-2.079048,,,,-2.0440865,-1.9594754,-2.0485473,-1.949048
-2.1612972,-2.1022679,-2.165574,-2.091987,,,,-2.0312972,-1.9722679,-2.035574,-1.961987
-2.1481859,-2.1154382,-2.1522583,-2.1054049,,,,-2.0181859,-1.9854382,-2.0222583,-1.9754049
-2.1347674,-2.1288755,-2.1388825,-2.1188785,,,,-2.0047674,-1.9988755,-2.0088825,-1.9888785
-2.1210613,-2.1425387,-2.1255033,-2.132211,,,,-1.9910613,-2.0125387,-1.9955033,-2.002211
-2.1071096,-2.1564778,-2.111628,-2.1460086,,,,-1.9771096,-2.0264778,-1.981628,-2.0160086
-2.0929421,-2.170653,-2.0972049,-2.1603972,,,,-1.9629421,-2.040653,-1.9672049,-2.0303972
-2.0786068,-2.1850528,-2.0826981,-2.1750077,,,,-1.9486068,-2.0550528,-1.9526981,-2.0450077
-2.064117,-2.199559,-2.0682814,-2.1895222,,,,-1.934117,-2.069559,-1.9382814,-2.0595222
-2.0494963,-2.2141398,-2.0539852,-2.2037913,,,,-1.9194963,-2.0841398,-1.9239852,-2.0737913
-2.0347889,-2.2288386,-2.0393194,-2.2183942,,,,-1.9047889,-2.0988386,-1.9093194,-2.0883942
-2.0200269,-2.2436148,-2.0243005,-2.233365,,,,-1.8900269,-2.1136148,-1.8943005,-2.103365
-2.0052586,-2.2584509,-2.0093542,-2.2484049,,,,-1.8752586,-2.1284509,-1.8793542,-2.1184049
-1.9904972,-2.273221,-1.9947087,-2.2631482,,,,-1.8604972,-2.143221,-1.8647087,-2.1331482
-1.9757679,-2.2879056,-1.980331,-2.2775089,,,,-1.8457679,-2.1579056,-1.850331,-2.1475089
-1.9611173,-2.302551,-1.9656721,-2.2921127,,,,-1.8311173,-2.172551,-1.8356721,-2.1621127
-1.9465762,-2.317115,-1.9508295,-2.3068923,,,,-1.8165762,-2.187115,-1.8208295,-2.1768923
-1.9321911,-2.3315624,-1.9362913,-2.3215174,,,,-1.8021911,-2.2015624,-1.8062913,-2.1915174
-1.9179725,-2.3457738,-1.922256,-2.3356475,,,,-1.7879725,-2.2157738,-1.792256,-2.2056475
-1.9039477,-2.3597523,-1.9085776,-2.3493136,,,,-1.7739477,-2.2297523,-1.7785776,-2.2193136
-1.8901613,-2.3735293,-1.8946923,-2.363129,,,,-1.7601613,-2.2435293,-1.7646923,-2.233129
-1.8766464,-2.3870815,-1.8808789,-2.3768915,,,,-1.7466464,-2.2570815,-1.7508789,-2.2468915
-1.8634384,-2.4003364,-1.867585,-2.3902637,,,,-1.7334384,-2.2703364,-1.737585,-2.2602637
-1.8505478,-2.4132108,-1.854914,-2.4030238,,,,-1.7205478,-2.2832108,-1.724914,-2.2730238
-1.838004,-2.4257144,-1.8426712,-2.415274,,,,-1.708004,-2.2957144,-1.7126712,-2.285274
-1.8258425,-2.4378663,-1.8303458,-2.4275042,,,,-1.6958425,-2.3078663,-1.7003458,-2.2975042
-1.8140992,-2.4496566,-1.8183107,-2.4394904,,,,-1.6840992,-2.3196566,-1.6883107,-2.3094904
-1.8027962,-2.460987,-1.8069826,-2.4508864,,,,-1.6727962,-2.330987,-1.6769826,-2.3208864
-1.7919462,-2.471806,-1.7964146,-2.4615516,,,,-1.6619462,-2.341806,-1.6664146,-2.3315516
-1.7815731,-2.482139,-1.7863252,-2.4716476,,,,-1.6515731,-2.352139,-1.6563252,-2.3416476
-1.7717072,-2.4919902,-1.7762263,-2.4816126,,,,-1.6417072,-2.3619902,-1.6462263,-2.3516126
-1.7623836,-2.5013741,-1.7665438,-2.4912318,,,,-1.6323836,-2.3713741,-1.6365438,-2.3612318
-1.753613,-2.5101582,-1.7578358,-2.500039,,,,-1.623613,-2.3801582,-1.6278358,-2.370039
-1.7453991,-2.5183135,-1.7499993,-2.5079747,,,,-1.6153991,-2.3883135,-1.6199993,-2.3779747
-1.7377708,-2.5259084,-1.7425138,-2.515439,,,,-1.6077708,-2.3959084,-1.6125138,-2.385439
-1.7307468,-2.5329253,-1.7351543,-2.522633,,,,-1.6007468,-2.4029253,-1.6051543,-2.392633
-1.7243581,-2.5393587,-1.7285734,-2.5292124,,,,-1.5943581,-2.4093587,-1.5985734,-2.3992124
-1.7186025,-2.5451173,-1.7229064,-2.5349747,,,,-1.5886025,-2.4151173,-1.5929064,-2.4049747
-1.7134827,-2.5501815,-1.7181604,-2.539812,,,,-1.5834827,-2.4201815,-1.5881604,-2.409812
-1.7090203,-2.5546166,-1.713733,-2.5441846,,,,-1.5790203,-2.4246166,-1.583733,-2.4141846
-1.7052263,-2.558407,-1.7096357,-2.5481235,,,,-1.5752263,-2.428407,-1.5796357,-2.4181235
-1.702124,-2.5615507,-1.7063558,-2.551404,,,,-1.572124,-2.4315507,-1.5763558,-2.421404
-1.6997017,-2.5639612,-1.7040877,-2.5537747,,,,-1.5697017,-2.4339612,-1.5740877,-2.4237747
-1.6979569,-2.565646,-1.7027178,-2.5552186,,,,-1.5679569,-2.435646,-1.5727178,-2.4252186
-1.6969078,-2.5666744,-1.7015789,-2.5562724,,,,-1.5669078,-2.4366744,-1.5715789,-2.4262724
-1.696556,-2.567039,-1.7008932,-2.5568045,,,,-1.566556,-2.437039,-1.5708932,-2.4268045
-1.6969131,-2.5667132,-1.7011491,-2.5565797,,,,-1.5669131,-2.4367132,-1.5711491,-2.4265797
-1.697958,-2.5656391,-1.7024283,-2.5554098,,,,-1.567958,-2.4356391,-1.5724283,-2.4254098
-1.6996876,-2.563859,-1.7044715,-2.5534092,,,,-1.5696876,-2.433859,-1.5744715,-2.4234092
-1.7021073,-2.561418,-1.7067063,-2.551039,,,,-1.5721073,-2.431418,-1.5767063,-2.421039
-1.7052195,-2.5583383,-1.7095004,-2.548134,,,,-1.5752195,-2.4283383,-1.5795004,-2.418134
-1.7090153,-2.554562,-1.7132654,-2.544419,,,,-1.5790153,-2.424562,-1.5832654,-2.414419
-1.7134719,-2.5500656,-1.718033,-2.5397645,,,,-1.5834719,-2.4200656,-1.588033,-2.4097645
-1.7185797,-2.544911,-1.7234229,-2.5343863,,,,-1.5885797,-2.414911,-1.5934229,-2.4043863
-1.7243362,-2.5391375,-1.7288796,-2.5287584,,,,-1.5943362,-2.4091375,-1.5988796,-2.3987584
-1.730741,-2.5327872,-1.7349592,-2.522613,,,,-1.600741,-2.4027872,-1.6049592,-2.392613
-1.7377679,-2.5257615,-1.7420795,-2.5155944,,,,-1.6077679,-2.3957615,-1.6120795,-2.3855944
-1.7453879,-2.5180873,-1.7500514,-2.5077049,,,,-1.6153879,-2.3880873,-1.6200514,-2.3777049
-1.7535952,-2.509851,-1.7583429,-2.4993676,,,,-1.6235952,-2.379851,-1.6283429,-2.3693676
-1.7623718,-2.5010694,-1.7668252,-2.490729,,,,-1.6323718,-2.3710694,-1.6368252,-2.360729
-1.7717143,-2.4917826,-1.7759246,-2.481625,,,,-1.6417143,-2.3617826,-1.6459246,-2.351625
-1.7815862,-2.48192,-1.7858943,-2.4717635,,,,-1.6515862,-2.35192,-1.6558943,-2.3417635
-1.7919527,-2.4714981,-1.7966281,-2.4610893,,,,-1.6619527,-2.3414981,-1.6666281,-2.3310893
-1.8028046,-2.4606267,-1.8075072,-2.4501437,,,,-1.6728046,-2.3306267,-1.6775072,-2.3201437
-1.814117,-2.4493202,-1.8185332,-2.438987,,,,-1.684117,-2.3193202,-1.6885332,-2.308987
-1.8258799,-2.4376086,-1.8301166,-2.4274367,,,,-1.6958799,-2.3076086,-1.7001166,-2.2974367
-1.8380499,-2.4254447,-1.8424023,-2.4152588,,,,-1.7080499,-2.2954447,-1.7124023,-2.2852588
-1.8505908,-2.4128584,-1.8552879,-2.4023973,,,,-1.7205908,-2.2828584,-1.7252879,-2.2723973
-1.8634875,-2.3999518,-1.8681523,-2.3894573,,,,-1.7334875,-2.2699518,-1.7381523,-2.2594573
-1.8767109,-2.3867484,-1.8810747,-2.3764325,,,,-1.7467109,-2.2567484,-1.7510747,-2.2464325
-1.8902457,-2.373275,-1.894443,-2.3631336,,,,-1.7602457,-2.243275,-1.764443,-2.2331336
-1.9040405,-2.359473,-1.908409,-2.349264,,,,-1.7740405,-2.229473,-1.778409,-2.219264
-1.9180601,-2.3454083,-1.92276,-2.3348912,,,,-1.7880601,-2.2154083,-1.79276,-2.2048912
-1.9322887,-2.3311771,-1.9368789,-2.3207024,,,,-1.8022887,-2.2011771,-1.8068789,-2.1907024
-1.9466928,-2.3168095,-1.9509728,-2.3065532,,,,-1.8166928,-2.1868095,-1.8209728,-2.1765532
-1.9612503,-2.3023042,-1.9654359,-2.2921869,,,,-1.8312503,-2.1723042,-1.8354359,-2.1621869
-1.9759074,-2.2876314,-1.9803051,-2.2773844,,,,-1.8459074,-2.1576314,-1.8503051,-2.1473844
-1.9906339,-2.272873,-1.9953038,-2.262334,,,,-1.8606339,-2.142873,-1.8653038,-2.132334
-2.0054047,-2.2581002,-2.0099115,-2.2476484,,,,-1.8754047,-2.1281002,-1.8799115,-2.1176484
-2.0201947,-2.2433637,-2.024417,-2.2331485,,,,-1.8901947,-2.1133637,-1.894417,-2.1031485
-2.0349689,-2.2286276,-2.0391631,-2.2185038,,,,-1.9049689,-2.0986276,-1.9091631,-2.0885038
-2.0496774,-2.2138957,-2.0541043,-2.203587,,,,-1.9196774,-2.0838957,-1.9241043,-2.073587
-2.0642943,-2.1992546,-2.0689309,-2.18869,,,,-1.9342943,-2.0692546,-1.9389309,-2.05869
-2.0787907,-2.1847569,-2.0832427,-2.1742998,,,,-1.9487907,-2.0547569,-1.9532427,-2.0442998
-2.0931482,-2.1704727,-2.0972832,-2.1603292,,,,-1.9631482,-2.0404727,-1.9672832,-2.0303292
-2.1073227,-2.1563238,-2.1115009,-2.146222,,,,-1.9773227,-2.0263238,-1.9815009,-2.016222
-2.1212674,-2.1423308,-2.1257654,-2.131915,,,,-1.9912674,-2.0123308,-1.9957654,-2.001915
-2.1349667,-2.1286175,-2.1395603,-2.1180347,,,,-2.0049667,-1.9986175,-2.0095603,-1.9880347
-2.148388,-2.115205,-2.1526958,-2.1048678,,,,-2.018388,-1.985205,-2.0226958,-1.9748678
-2.1615185,-2.1021367,-2.165654,-2.0920317,,,,-2.0315185,-1.9721367,-2.035654,-1.9620317
-2.174309,-2.0893608,-2.1785153,-2.0792662,,,,-2.044309,-1.9593608,-2.0485153,-1.9492662
-2.1867226,-2.0769068,-2.1912216,-2.0664785,,,,-2.0567226,-1.9469068,-2.0612216,-1.9364785
-2.1987459,-2.0648723,-2.2032675,-2.0543482,,,,-2.0687459,-1.9348723,-2.0732675,-1.9243482
-2.2103502,-2.0532775,-2.214634,-2.0429641,,,,-2.0803502,-1.9232775,-2.084634,-1.9129641
-2.2215246,-2.0421578,-2.2256502,-2.0320765,,,,-2.0915246,-1.9121578,-2.0956502,-1.9020765
-2.2322248,-2.0314642,-2.2364324,-2.0213746,,,,-2.1022248,-1.9014642,-2.1064324,-1.8913746
-2.2424203,-2.0212283,-2.2469071,-2.0107867,,,,-2.1124203,-1.8912283,-2.1169071,-1.8807867
-2.2521025,-2.0115342,-2.256584,-2.001034,,,,-2.1221025,-1.8815342,-2.126584,-1.871034
-2.2612475,-2.0023994,-2.2654926,-1.9921292,,,,-2.1312475,-1.8723994,-2.1354926,-1.8621292
-2.2698504,-1.9938513,-2.2739414,-1.9838259,,,,-2.1398504,-1.8638513,-2.1439414,-1.8538259
-2.2778686,-1.985826,-2.2820774,-1.9757346,,,,-2.1478686,-1.855826,-2.1520774,-1.8457346
-2.285281,-1.9783675,-2.2897688,-1.9678863,,,,-2.155281,-1.8483675,-2.1597688,-1.8378863
-2.2920877,-1.971548,-2.2965099,-1.9610999,,,,-2.1620877,-1.841548,-2.1665099,-1.8310999
-2.2982706,-1.9653841,-2.3024427,-1.9552074,,,,-2.1682706,-1.8353841,-2.1724427,-1.8252074
-2.3038253,-1.9598693,-2.3079058,-1.9498763,,,,-2.1738253,-1.8298693,-2.1779058,-1.8198763
-2.308718,-1.954956,-2.3129503,-1.9448404,,,,-2.178718,-1.824956,-2.1829503,-1.8148404
-2.3129405,-1.9506939,-2.317412,-1.9402175,,,,-2.1829405,-1.8206939,-2.187412,-1.8102175
-2.316493,-1.9471234,-2.320859,-1.9367249,,,,-2.186493,-1.8171234,-2.190859,-1.8067249
-2.3193728,-1.9442731,-2.323506,-1.9341537,,,,-2.1893728,-1.8142731,-2.193506,-1.8041537
-2.3215727,-1.9420993,-2.3256654,-1.9321008,,,,-2.1915727,-1.8120993,-2.1956654,-1.8021008
-2.3230707,-1.9405744,-2.3273379,-1.9303895,,,,-2.1930707,-1.8105744,-2.1973379,-1.8003895
-2.3238703,-1.9397417,-2.3283242,-1.9292698,,,,-2.1938703,-1.8097417,-2.1983242,-1.7992698
-2.3239738,-1.9396232,-2.3282782,-1.9292883,,,,-2.1939738,-1.8096232,-2.1982782,-1.7992883
-2.3233916,-1.9402412,-2.3274866,-1.9301876,,,,-2.1933916,-1.8102412,-2.1974866,-1.8001876
-2.3221148,-1.9415275,-2.3262328,-1.9315112,,,,-2.1921148,-1.8115275,-2.1962328,-1.8015112
-2.3201333,-1.9434636,-2.3244814,-1.9331539,,,,-2.1901333,-1.8134636,-2.1944814,-1.8031539
-2.3174664,-1.9461101,-2.3218762,-1.9356812,,,,-2.1874664,-1.8161101,-2.1918762,-1.8056812
-2.3141164,-1.9494565,-2.3183385,-1.9392068,,,,-2.1841164,-1.8194565,-2.1883385,-1.8092068
-2.3101057,-1.9535095,-2.3141717,-1.9435054,,,,-2.1801057,-1.8235095,-2.1841717,-1.8135054
-2.3054253,-1.9581927,-2.3095568,-1.9481894,,,,-2.1754253,-1.8281927,-2.1795568,-1.8181894
-2.3000783,-1.9634945,-2.3044804,-1.9531364,,,,-2.1700783,-1.8334945,-2.1744804,-1.8231364
-2.2940904,-1.9694648,-2.2985143,-1.9590195,,,,-2.1640904,-1.8394648,-2.1685143,-1.8290195
-2.287472,-1.9760851,-2.2916797,-1.9658601,,,,-2.157472,-1.8460851,-2.1616797,-1.8358601
-2.2802528,-1.9833564,-2.2843021,-1.9733831,,,,-2.1502528,-1.8533564,-2.1543021,-1.8433831
-2.2724286,-1.991178,-2.2765795,-1.9811637,,,,-2.1424286,-1.861178,-2.1465795,-1.8511637
-2.26401,-1.9995493,-2.2684597,-1.9891418,,,,-2.13401,-1.8695493,-2.1384597,-1.8591418
-2.2550327,-2.0085144,-2.259462,-1.9980781,,,,-2.1250327,-1.8785144,-2.129462,-1.8680781
-2.2455126,-2.0180488,-2.2496814,-2.007877,,,,-2.1155126,-1.8880488,-2.1196814,-1.877877
-2.2354845,-2.0281293,-2.2395264,-2.0181711,,,,-2.1054845,-1.8981293,-2.1095264,-1.8881711
-2.2249476,-2.038654,-2.2291452,-2.0285888,,,,-2.0949476,-1.908654,-2.0991452,-1.8985888
-2.213925,-2.0496343,-2.218406,-2.0391979,,,,-2.083925,-1.9196343,-2.088406,-1.9091979
-2.2024533,-2.0610937,-2.2068442,-2.0507109,,,,-2.0724533,-1.9310937,-2.0768442,-1.9207109
-2.1905607,-2.073022,-2.1947013,-2.0628978,,,,-2.0605607,-1.943022,-2.0647013,-1.9328978
-2.178277,-2.0853483,-2.182354,-2.0753573,,,,-2.048277,-1.9553483,-2.052354,-1.9453573
-2.1656116,-2.0979992,-2.1698626,-2.0878825,,,,-2.0356116,-1.9679992,-2.0398626,-1.9578825
-2.1525945,-2.1109839,-2.1571022,-2.1005493,,,,-2.0225945,-1.9809839,-2.0271022,-1.9705493
-2.139263,-2.1243093,-2.143643,-2.1139584,,,,-2.009263,-1.9943093,-2.013643,-1.9839584
-2.1256537,-2.1379687,-2.1297811,-2.1278634,,,,-1.9956537,-2.0079687,-1.9997811,-1.9978634
-2.1117935,-2.1518623,-2.1159043,-2.1418375,,,,-1.9817935,-2.0218623,-1.9859043,-2.0118375
-2.0976986,-2.1659366,-2.1020227,-2.1557351,,,,-1.9676986,-2.0359366,-1.9720227,-2.0257351
-2.0834063,-2.1802057,-2.0879351,-2.1697656,,,,-1.9534063,-2.0502057,-1.9579351,-2.0397656
-2.0689501,-2.1946558,-2.0733452,-2.1842893,,,,-1.9389501,-2.0646558,-1.9433452,-2.0542893
-2.054376,-2.2092964,-2.0584618,-2.199223,,,,-1.924376,-2.0792964,-1.9284618,-2.069223
-2.0397072,-2.223998,-2.0438149,-2.2139717,,,,-1.9097072,-2.093998,-1.9138149,-2.0839717
-2.0249617,-2.2387053,-2.0293887,-2.2284123,,,,-1.8949617,-2.1087053,-1.8993887,-2.0984123
-2.0101795,-2.2534624,-2.0147892,-2.2429372,,,,-1.8801795,-2.1234624,-1.8847892,-2.1129372
-1.995399,-2.2682465,-1.9997414,-2.2579285,,,,-1.865399,-2.1382465,-1.8697414,-2.1279285
-1.9806677,-2.2830564,-1.9847442,-2.2730082,,,,-1.8506677,-2.1530564,-1.8547442,-2.1430082
-1.9659997,-2.2977365,-1.9701877,-2.287674,,,,-1.8359997,-2.1677365,-1.8401877,-2.157674
-1.9514164,-2.312271,-1.955964,-2.3018967,,,,-1.8214164,-2.182271,-1.825964,-2.1718967
-1.9369657,-2.326714,-1.9415258,-2.3162829,,,,-1.8069657,-2.196714,-1.8115258,-2.1862829
-1.9226776,-2.3410205,-1.9269631,-2.3307756,,,,-1.7926776,-2.2110205,-1.7969631,-2.2007756
-1.908599,-2.3551651,-1.9127022,-2.3451103,,,,-1.778599,-2.2251651,-1.7827022,-2.2151103
-1.8947415,-2.3690237,-1.8990011,-2.3589217,,,,-1.7647415,-2.2390237,-1.7690011,-2.2289217
-1.8811271,-2.382586,-1.8857664,-2.3721627,,,,-1.7511271,-2.252586,-1.7557664,-2.2421627
-1.8678024,-2.3959028,-1.872385,-2.385482,,,,-1.7378024,-2.2659028,-1.742385,-2.255482
-1.8547947,-2.4089347,-1.859055,-2.3987225,,,,-1.7247947,-2.2789347,-1.729055,-2.2687225
-1.8421464,-2.4216367,-1.846281,-2.411567,,,,-1.7121464,-2.2916367,-1.716281,-2.281567
-1.8298631,-2.4339036,-1.8342134,-2.4237374,,,,-1.6998631,-2.3039036,-1.7042134,-2.2937374
-1.8179704,-2.4457492,-1.8226545,-2.435309,,,,-1.6879704,-2.3157492,-1.6926545,-2.305309
-1.8065054,-2.4572011,-1.8110452,-2.4468235,,,,-1.6765054,-2.3272011,-1.6810452,-2.3168235
-1.7955002,-2.468247,-1.7997328,-2.4580654,,,,-1.6655002,-2.338247,-1.6697328,-2.3280654
-1.7849789,-2.4788016,-1.7891555,-2.4687048,,,,-1.6549789,-2.3488016,-1.6591555,-2.3387048
-1.7749506,-2.4888011,-1.7793953,-2.478577,,,,-1.6449506,-2.3588011,-1.6493953,-2.348577
-1.765435,-2.498272,-1.7701893,-2.4877964,,,,-1.635435,-2.368272,-1.6401893,-2.3577964
-1.7564626,-2.5072247,-1.7610325,-2.4968222,,,,-1.6264626,-2.3772247,-1.6310325,-2.3668222
-1.7480649,-2.5156752,-1.752246,-2.5055167,,,,-1.6180649,-2.3856752,-1.622246,-2.3755167
-1.7402549,-2.5235094,-1.744458,-2.5133938,,,,-1.6102549,-2.3935094,-1.614458,-2.3833938
-1.7330325,-2.5306815,-1.7375917,-2.5203756,,,,-1.6030325,-2.4006815,-1.6075917,-2.3903756
-1.7264187,-2.5372523,-1.7312094,-2.526751,,,,-1.5964187,-2.4072523,-1.6012094,-2.396751
-1.7204368,-2.5432197,-1.7249234,-2.5328804,,,,-1.5904368,-2.4132197,-1.5949234,-2.4028804
-1.7151121,-2.5486,-1.7192948,-2.5384635,,,,-1.5851121,-2.4186,-1.5892948,-2.4084635
-1.7104423,-2.5532707,-1.7147223,-2.5431374,,,,-1.5804423,-2.4232707,-1.5847223,-2.4131374
-1.7064251,-2.557225,-1.7110963,-2.5468615,,,,-1.5764251,-2.427225,-1.5810963,-2.4168615
-1.7030817,-2.560539,-1.707794,-2.5501114,,,,-1.5730817,-2.430539,-1.577794,-2.4201114
-1.7004198,-2.5631954,-1.7048374,-2.5529076,,,,-1.5704198,-2.4331954,-1.5748374,-2.4229076
-1.69846,-2.5651938,-1.7026981,-2.5550414,,,,-1.56846,-2.4351938,-1.5726981,-2.4250414
-1.6971898,-2.5664564,-1.7015677,-2.556279,,,,-1.5671898,-2.4364564,-1.5715677,-2.426279
-1.6966026,-2.5669857,-1.7013614,-2.5565666,,,,-1.5666026,-2.4369857,-1.5713614,-2.4265666
-1.6967127,-2.566853,-1.7014161,-2.5564302,,,,-1.5667127,-2.436853,-1.5714161,-2.4264302
-1.69752,-2.5660523,-1.7018834,-2.5557987,,,,-1.56752,-2.4360523,-1.5718834,-2.4257987
-1.6990355,-2.5645746,-1.7032604,-2.5544423,,,,-1.5690355,-2.4345746,-1.5732604,-2.4244423
-1.7012341,-2.5623483,-1.705689,-2.5521225,,,,-1.5712341,-2.4323483,-1.575689,-2.4221225
-1.7041103,-2.5594188,-1.7088888,-2.548968,,,,-1.5741103,-2.4294188,-1.5788888,-2.418968
-1.7076669,-2.5558406,-1.7122743,-2.5454544,,,,-1.5776669,-2.4258406,-1.5822743,-2.4154544
-1.7119031,-2.5516359,-1.7161928,-2.5414234,,,,-1.5819031,-2.4216359,-1.5861928,-2.4114234
-1.7168086,-2.5467523,-1.7210537,-2.53661,,,,-1.5868086,-2.4167523,-1.5910537,-2.40661
-1.722358,-2.5411657,-1.7269007,-2.5308765,,,,-1.592358,-2.4111657,-1.5969007,-2.4008765
-1.7285386,-2.5349382,-1.7333771,-2.5244147,,,,-1.5985386,-2.4049382,-1.6033771,-2.3944147
-1.7353455,-2.5281135,-1.7399163,-2.5177127,,,,-1.6053455,-2.3981135,-1.6099163,-2.3877127
-1.7427757,-2.520739,-1.7469893,-2.5105585,,,,-1.6127757,-2.390739,-1.6169893,-2.3805585
-1.7508034,-2.5127238,-1.7550741,-2.5025717,,,,-1.6208034,-2.3827238,-1.6250741,-2.3725717
-1.7593943,-2.504074,-1.7640367,-2.493698,,,,-1.6293943,-2.374074,-1.6340367,-2.363698
-1.7685407,-2.4948975,-1.7733047,-2.4843909,,,,-1.6385407,-2.3648975,-1.6433047,-2.3543909
-1.7782235,-2.4852127,-1.7826543,-2.4748813,,,,-1.6482235,-2.3552127,-1.6526543,-2.3448813
-1.7884377,-2.4750513,-1.7926667,-2.4648846,,,,-1.6584377,-2.3450513,-1.6626667,-2.3348846
-1.7991427,-2.4643544,-1.8034692,-2.4541866,,,,-1.6691427,-2.3343544,-1.6734692,-2.3241866
-1.8103049,-2.453143,-1.8149838,-2.4427213,,,,-1.6803049,-2.323143,-1.6849838,-2.3127213
-1.8219112,-2.4415191,-1.8266052,-2.4310297,,,,-1.6919112,-2.3115191,-1.6966052,-2.3010297
-1.8339357,-2.4295036,-1.8383422,-2.4191698,,,,-1.7039357,-2.2995036,-1.7083422,-2.2891698
-1.8463669,-2.4171258,-1.850599,-2.406956,,,,-1.7163669,-2.2871258,-1.720599,-2.276956
-1.8591585,-2.4043373,-1.863517,-2.3941387,,,,-1.7291585,-2.2743373,-1.733517,-2.2641387
-1.8722739,-2.3911744,-1.8769777,-2.380687,,,,-1.7422739,-2.2611744,-1.7469777,-2.250687
-1.8856988,-2.3777453,-1.890332,-2.3672627,,,,-1.7556988,-2.2477453,-1.760332,-2.2372627
-1.8994016,-2.3640698,-1.9037263,-2.3537859,,,,-1.7694016,-2.2340698,-1.7737263,-2.2237859
-1.9133639,-2.350164,-1.9175547,-2.3400384,,,,-1.7833639,-2.220164,-1.7875547,-2.2100384
-1.9275341,-2.3359815,-1.9319135,-2.3257695,,,,-1.7975341,-2.2059815,-1.8019135,-2.1957695
-1.9418783,-2.321599,-1.9465687,-2.311079,,,,-1.8118783,-2.191599,-1.8165687,-2.181079
-1.9563779,-2.3070978,-1.9609392,-2.2966362,,,,-1.8263779,-2.1770978,-1.8309392,-2.1666362
-1.9710012,-2.2925173,-1.9752587,-2.2822772,,,,-1.8410012,-2.1625173,-1.8452587,-2.1522772
-1.9857218,-2.2778436,-1.989912,-2.2677237,,,,-1.8557218,-2.1478436,-1.859912,-2.1377237
-2.0004871,-2.2630614,-2.0048972,-2.2527884,,,,-1.8704871,-2.1330614,-1.8748972,-2.1227884
-2.0152684,-2.2482513,-2.0199293,-2.2377008,,,,-1.8852684,-2.1182513,-1.8899293,-2.1077008
-2.030039,-2.2334818,-2.0345095,-2.2230457,,,,-1.900039,-2.1034818,-1.9045095,-2.0930457
-2.0447757,-2.2188028,-2.0489738,-2.208614,,,,-1.9147757,-2.0888028,-1.9189738,-2.078614
-2.059439,-2.2041737,-2.0636183,-2.194066,,,,-1.929439,-2.0741737,-1.9336183,-2.064066
-2.0739832,-2.1896004,-2.0784401,-2.1792518,,,,-1.9439832,-2.0596004,-1.9484401,-2.0492518
-2.0883809,-2.1751787,-2.0930382,-2.1645533,,,,-1.9583809,-2.0451787,-1.9630382,-2.0345533
-2.1026061,-2.160955,-2.1069981,-2.1505367,,,,-1.9726061,-2.030955,-1.9769981,-2.0205367
-2.116642,-2.146997,-2.1207573,-2.1368898,,,,-1.986642,-2.016997,-1.9907573,-2.0068898
-2.1304396,-2.1332191,-2.1346153,-2.1231431,,,,-2.0004396,-2.0032191,-2.0046153,-1.9931431
-2.143955,-2.1196535,-2.148459,-2.1092356,,,,-2.013955,-1.9896535,-2.018459,-1.9792356
-2.1571764,-2.1064194,-2.1617314,-2.0958748,,,,-2.0271764,-1.9764194,-2.0317314,-1.9658748
-2.1700703,-2.0935334,-2.1743792,-2.0831953,,,,-2.0400703,-1.9635334,-2.0443792,-1.9531953
-2.1826245,-2.0810403,-2.186748,-2.0709506,,,,-2.0526245,-1.9510403,-2.056748,-1.9409506
-2.1947926,-2.0688868,-2.1989883,-2.0588049,,,,-2.0647926,-1.9388868,-2.0689883,-1.9288049
-2.206538,-2.0570995,-2.2110246,-2.0466774,,,,-2.076538,-1.9270995,-2.0810246,-1.9166774
-2.2178491,-2.0457763,-2.222357,-2.0352607,,,,-2.0878491,-1.9157763,-2.092357,-1.9052607
-2.2286984,-2.0349351,-2.2329742,-2.0246289,,,,-2.0986984,-1.9049351,-2.1029742,-1.8946289
-2.2390772,-2.0246093,-2.2431961,-2.0145376,,,,-2.1090772,-1.8946093,-2.1131961,-1.8845376
-2.248943,-2.014749,-2.2531434,-2.0046673,,,,-2.118943,-1.884749,-2.1231434,-1.8746673
-2.2582675,-2.0053839,-2.2627443,-1.994946,,,,-2.1282675,-1.8753839,-2.1327443,-1.864946
-2.2670428,-1.9965956,-2.2715138,-1.9861008,,,,-2.1370428,-1.8665956,-2.1415138,-1.8561008
-2.2752484,-1.9883995,-2.279484,-1.9781379,,,,-2.1452484,-1.8583995,-2.149484,-1.8481379
-2.28288,-1.9808211,-2.2869622,-1.9708076,,,,-2.15288,-1.8508211,-2.1569622,-1.8408076
-2.289898,-1.9737942,-2.2941004,-1.9637102,,,,-2.159898,-1.8437942,-2.1641004,-1.8337102
-2.2962834,-1.9673615,-2.3007642,-1.9568838,,,,-2.1662834,-1.8373615,-2.1707642,-1.8268838
-2.302039,-1.9615915,-2.3064534,-1.9511504,,,,-2.172039,-1.8315915,-2.1764534,-1.8211504
-2.3071488,-1.9565,-2.3113161,-1.9463315,,,,-2.1771488,-1.8265,-2.1813161,-1.8163315
-2.3116106,-1.9520762,-2.3156906,-1.9420879,,,,-2.1816106,-1.8220762,-2.1856906,-1.8120879
-2.3153933,-1.9482725,-2.3196245,-1.9381577,,,,-2.1853933,-1.8182725,-2.1896245,-1.8081577
-2.318491,-1.9451349,-2.3229579,-1.9346623,,,,-2.188491,-1.8151349,-2.1929579,-1.8046623
-2.3209065,-1.9427015,-2.3252658,-1.93231,,,,-2.1909065,-1.8127015,-2.1952658,-1.80231
-2.3226403,-1.9409978,-2.3267683,-1.9308857,,,,-2.1926403,-1.8109978,-2.1967683,-1.8008857
-2.3236853,-1.9399762,-2.3277787,-1.9299787,,,,-2.1936853,-1.8099762,-2.1977787,-1.7999787
-2.3240246,-1.9396088,-2.3282944,-1.9294196,,,,-2.1940246,-1.8096088,-2.1982944,-1.7994196
-2.323664,-1.9399378,-2.3281142,-1.9294709,,,,-2.193664,-1.8099378,-2.1981142,-1.7994709
-2.3226074,-1.9409801,-2.3269054,-1.9306542,,,,-2.1926074,-1.8109801,-2.1969054,-1.8006542
-2.3208686,-1.9427557,-2.3249592,-1.9327102,,,,-2.1908686,-1.8127557,-2.1949592,-1.8027102
-2.3184394,-1.9451921,-2.3225604,-1.9351761,,,,-2.1884394,-1.8151921,-2.1925604,-1.8051761
-2.315314,-1.9482707,-2.3196667,-1.9379585,,,,-2.185314,-1.8182707,-2.1896667,-1.8079585
-2.3115145,-1.9520503,-2.3159128,-1.9416411,,,,-2.1815145,-1.8220503,-2.1859128,-1.8116411
-2.307046,-1.9565208,-2.311255,-1.9462974,,,,-2.177046,-1.8265208,-2.181255,-1.8162974
-2.3019322,-1.9616802,-2.3059899,-1.9516984,,,,-2.1719322,-1.8316802,-2.1759899,-1.8216984
-2.2961656,-1.9674444,-2.3003117,-1.9574325,,,,-2.1661656,-1.8374444,-2.1703117,-1.8274325
-2.2897528,-1.9738123,-2.2941803,-1.963423,,,,-2.1597528,-1.8438123,-2.1641803,-1.833423
-2.2827228,-1.9808275,-2.2871457,-1.9703885,,,,-2.1527228,-1.8508275,-2.1571457,-1.8403885
-2.2750887,-1.9884697,-2.2792739,-1.97828,,,,-2.1450887,-1.8584697,-2.1492739,-1.84828
-2.2668816,-1.996732,-2.270912,-1.9867901,,,,-2.1368816,-1.866732,-2.140912,-1.8567901
-2.2580966,-2.0055076,-2.2622649,-1.9954759,,,,-2.1280966,-1.8755076,-2.1322649,-1.8654759
-2.2487499,-2.0148063,-2.2532173,-2.0043716,,,,-2.1187499,-1.8848063,-2.1232173,-1.8743716
-2.2388786,-2.0246645,-2.243274,-2.0142744,,,,-2.1088786,-1.8946645,-2.113274,-1.8842744
-2.2285029,-2.0350673,-2.2326437,-2.0249385,,,,-2.0985029,-1.9050673,-2.1026437,-1.8949385
-2.217654,-2.0459591,-2.2217208,-2.0359803,,,,-2.087654,-1.9159591,-2.0917208,-1.9059803
-2.206336,-2.057262,-2.2105683,-2.0471622,,,,-2.076336,-1.927262,-2.0805683,-1.9171622
-2.1945754,-2.0689877,-2.199065,-2.0585538,,,,-2.0645754,-1.9389877,-2.069065,-1.9285538
-2.182407,-2.0811471,-2.1867808,-2.07079,,,,-2.052407,-1.9511471,-2.0567808,-1.94079
-2.169865,-2.0937343,-2.1739906,-2.0836297,,,,-2.039865,-1.9637343,-2.0439906,-1.9536297
-2.1569747,-2.1066593,-2.1610721,-2.0966493,,,,-2.0269747,-1.9766593,-2.0310721,-1.9666493
-2.1437491,-2.1198658,-2.1480464,-2.1096861,,,,-2.0137491,-1.9898658,-2.0180464,-1.9796861
-2.1302239,-2.1333662,-2.1347357,-2.1229264,,,,-2.0002239,-2.0033662,-2.0047357,-1.9929264
-2.1164315,-2.1471564,-2.1207744,-2.1368402,,,,-1.9864315,-2.0171564,-1.9907744,-2.0068402
-2.1024147,-2.1612278,-2.1065207,-2.1511594,,,,-1.9724147,-2.0312278,-1.9765207,-2.0211594
-2.0881944,-2.1754726,-2.0923163,-2.1654476,,,,-1.9581944,-2.0454726,-1.9623163,-2.0354476
-2.0737922,-2.1898416,-2.0782037,-2.1795496,,,,-1.9437922,-2.0598416,-1.9482037,-2.0495496
-2.0592462,-2.204368,-2.0637988,-2.1938788,,,,-1.9292462,-2.074368,-1.9337988,-2.0638788
-2.0445921,-2.2190286,-2.0488977,-2.208733,,,,-1.9145921,-2.0890286,-1.9188977,-2.078733
-2.0298764,-2.2338084,-2.0339832,-2.223731,,,,-1.8998764,-2.1038084,-1.9039832,-2.093731
-2.0151162,-2.2485908,-2.019267,-2.2385517,,,,-1.8851162,-2.1185908,-1.889267,-2.1085517
-2.0003337,-2.2633299,-2.0048329,-2.252987,,,,-1.8703337,-2.1333299,-1.8748329,-2.122987
-1.9855725,-2.2780787,-1.99015,-2.2676073,,,,-1.8555725,-2.1480787,-1.86015,-2.1376073
-1.9708656,-2.2927953,-1.975169,-2.282524,,,,-1.8408656,-2.1627953,-1.845169,-2.152524
-1.9562615,-2.3074638,-1.9603875,-2.2973818,,,,-1.8262615,-2.1774638,-1.8303875,-2.1673818
-1.9417747,-2.321966,-1.945983,-2.3118886,,,,-1.8117747,-2.191966,-1.815983,-2.1818886
-1.927429,-2.3362695,-1.93198,-2.325908,,,,-1.797429,-2.2062695,-1.80198,-2.195908
-1.9132667,-2.3504208,-1.917856,-2.3399764,,,,-1.7832667,-2.2204208,-1.787856,-2.2099764
-1.8993189,-2.3643812,-1.9036343,-2.354117,,,,-1.7693189,-2.2343812,-1.7736343,-2.224117
-1.8856329,-2.3781303,-1.8897669,-2.3680478,,,,-1.7556329,-2.2481303,-1.7597669,-2.2380478
-1.8722197,-2.3915476,-1.8764857,-2.381435,,,,-1.7422197,-2.2615476,-1.7464857,-2.251435
-1.8591006,-2.4046172,-1.8637391,-2.3942055,,,,-1.7291006,-2.2746172,-1.7337391,-2.2642055
-1.846319,-2.4173898,-1.8509289,-2.406957,,,,-1.716319,-2.2873898,-1.7209289,-2.276957
-1.8339016,-2.4298261,-1.8381916,-2.4195925,,,,-1.7039016,-2.2998261,-1.7081916,-2.2895925
-1.82189,-2.4418927,-1.8260317,-2.4318124,,,,-1.69189,-2.3118927,-1.6960317,-2.3018124
-1.8102893,-2.4534787,-1.8146359,-2.443314,,,,-1.6802893,-2.3234787,-1.6846359,-2.313314
-1.7991217,-2.4645962,-1.803816,-2.454157,,,,-1.6691217,-2.3345962,-1.673816,-2.324157
-1.7884244,-2.4752785,-1.7929916,-2.46489,,,,-1.6584244,-2.3452785,-1.6629916,-2.33489
-1.7782254,-2.485512,-1.7824814,-2.4753157,,,,-1.6482254,-2.355512,-1.6524814,-2.3453157
-1.7685506,-2.4952194,-1.7727513,-2.4851097,,,,-1.6385506,-2.3652194,-1.6427513,-2.3551097
-1.7594032,-2.5043408,-1.7638446,-2.4941145,,,,-1.6294032,-2.3743408,-1.6338446,-2.3641145
-1.7508057,-2.5128957,-1.7555357,-2.502451,,,,-1.6208057,-2.3828957,-1.6255357,-2.372451
-1.742783,-2.5208966,-1.7473677,-2.510503,,,,-1.612783,-2.3908966,-1.6173677,-2.380503
-1.735363,-2.5283593,-1.7395796,-2.5181865,,,,-1.605363,-2.3983593,-1.6095796,-2.3881865
-1.7285605,-2.535187,-1.7327702,-2.5250691,,,,-1.5985605,-2.405187,-1.6027702,-2.3950691
-1.7223728,-2.5413312,-1.726918,-2.5310386,,,,-1.5923728,-2.4113312,-1.596918,-2.4010386
-1.7168165,-2.546841,-1.7216395,-2.5363277,,,,-1.5868165,-2.416841,-1.5916395,-2.4063277
-1.7119129,-2.551728,-1.7164241,-2.5413772,,,,-1.5819129,-2.421728,-1.5864241,-2.4113772
-1.7076848,-2.5560092,-1.7118818,-2.545857,,,,-1.5776848,-2.4260092,-1.5818818,-2.415857
-1.7041285,-2.5595602,-1.7084371,-2.5494038,,,,-1.5741285,-2.4295602,-1.5784371,-2.4194038
-1.7012401,-2.5623928,-1.7059023,-2.5520316,,,,-1.5712401,-2.4323928,-1.5759023,-2.4220316
-1.6990365,-2.564564,-1.7037736,-2.5541216,,,,-1.5690365,-2.434564,-1.5737736,-2.4241216
-1.6975229,-2.5660683,-1.7019618,-2.5557665,,,,-1.5675229,-2.4360683,-1.5719618,-2.4257665
-1.6967182,-2.5669123,-1.700956,-2.5567533,,,,-1.5667182,-2.4369123,-1.570956,-2.4267533
-1.6966082,-2.567021,-1.700955,-2.5568546,,,,-1.5666082,-2.437021,-1.570955,-2.4268546
-1.6971825,-2.56639,-1.701898,-2.5559999,,,,-1.5671825,-2.43639,-1.571898,-2.4259999
-1.6984515,-2.5650936,-1.703171,-2.5546616,,,,-1.5684515,-2.4350936,-1.573171,-2.4246616
-1.7004129,-2.5631317,-1.7048233,-2.5528463,,,,-1.5704129,-2.4331317,-1.5748233,-2.4228463
-1.7030768,-2.5605096,-1.707312,-2.5503613,,,,-1.5730768,-2.4305096,-1.577312,-2.4203613
-1.7064174,-2.5571514,-1.7108319,-2.5469483,,,,-1.5764174,-2.4271514,-1.5808319,-2.4169483
-1.7104217,-2.5530888,-1.7152001,-2.5426394,,,,-1.5804217,-2.4230888,-1.5852001,-2.4126394
-1.7150947,-2.5483974,-1.7197561,-2.537987,,,,-1.5850947,-2.4183974,-1.5897561,-2.407987
-1.7204256,-2.5430855,-1.7247528,-2.532849,,,,-1.5904256,-2.4130855,-1.5947528,-2.402849
-1.726412,-2.5371302,-1.7306603,-2.5269874,,,,-1.596412,-2.4071302,-1.6006603,-2.3969874
-1.7330197,-2.5304931,-1.737516,-2.520231,,,,-1.6030197,-2.4004931,-1.607516,-2.390231
-1.7402365,-2.5232319,-1.7450202,-2.5127503,,,,-1.6102365,-2.3932319,-1.6150202,-2.3827503
-1.7480522,-2.515395,-1.7526728,-2.5049673,,,,-1.6180522,-2.385395,-1.6226728,-2.3749673
-1.7564601,-2.5070318,-1.7607073,-2.4968292,,,,-1.6264601,-2.3770318,-1.6307073,-2.3668292
-1.7654388,-2.4980823,-1.7696735,-2.487942,,,,-1.6354388,-2.3680823,-1.6396735,-2.357942
-1.7749507,-2.4885281,-1.7795177,-2.4781996,,,,-1.6449507,-2.3585281,-1.6495177,-2.3481996
-1.7849783,-2.4784602,-1.7898002,-2.4678954,,,,-1.6549783,-2.3484602,-1.6598002,-2.3378954
-1.7955082,-2.467921,-1.8000203,-2.4575263,,,,-1.6655082,-2.337921,-1.6700203,-2.3275263
-1.8065293,-2.4569646,-1.8107328,-2.4467927,,,,-1.6765293,-2.3269646,-1.6807328,-2.3167927
-1.8180026,-2.4454948,-1.8223103,-2.4353217,,,,-1.6880026,-2.3154948,-1.6923103,-2.3053217
-1.8298914,-2.4335593,-1.8345319,-2.4231492,,,,-1.6998914,-2.3035593,-1.7045319,-2.2931492
-1.8421807,-2.42125,-1.8468905,-2.410734,,,,-1.7121807,-2.29125,-1.7168905,-2.280734
-1.8548423,-2.4085923,-1.8592658,-2.398235,,,,-1.7248423,-2.2785923,-1.7292658,-2.268235
-1.8678647,-2.395633,-1.872061,-2.3854762,,,,-1.7378647,-2.265633,-1.742061,-2.2554762
-1.8812023,-2.3823105,-1.8854936,-2.372156,,,,-1.7512023,-2.2523105,-1.7554936,-2.242156
-1.8948134,-2.3686513,-1.8994523,-2.3582183,,,,-1.7648134,-2.2386513,-1.7694523,-2.2282183
-1.9086819,-2.3547708,-1.9133415,-2.3442584,,,,-1.7786819,-2.2247708,-1.7833415,-2.2142584
-1.9227755,-2.3406907,-1.9271619,-2.3303422,,,,-1.7927755,-2.2106907,-1.7971619,-2.2003422
-1.9370786,-2.3264467,-1.9412874,-2.3162836,,,,-1.8070786,-2.1964467,-1.8112874,-2.1862836
-1.9515412,-2.3119959,-1.9558532,-2.301824,,,,-1.8215412,-2.1819959,-1.8258532,-2.171824
-1.9661226,-2.2973741,-1.97076,-2.2869033,,,,-1.8361226,-2.1673741,-1.84076,-2.1569033
-1.9808031,-2.282688,-1.9854232,-2.272168,,,,-1.8508031,-2.152688,-1.8554232,-2.142168
-1.9955496,-2.2679638,-1.9998899,-2.2576345,,,,-1.8655496,-2.1379638,-1.8698899,-2.1276345
-2.0103434,-2.2532338,-2.01452,-2.243101,,,,-1.8803434,-2.1232338,-1.88452,-2.113101
-2.0251308,-2.2384466,-2.0294455,-2.2282618,,,,-1.8951308,-2.1084466,-1.8994455,-2.0982618
-2.0398735,-2.2236625,-2.0445069,-2.213141,,,,-1.9098735,-2.0936625,-1.9145069,-2.083141
-2.0545548,-2.2089819,-2.0591052,-2.198487,,,,-1.9245548,-2.0789819,-1.9291052,-2.068487
-2.0691394,-2.1944312,-2.0733975,-2.1841728,,,,-1.9391394,-2.0644312,-1.9433975,-2.0541728
-2.0836054,-2.1800214,-2.0877497,-2.169938,,,,-1.9536054,-2.0500214,-1.9577497,-2.039938
-2.0978998,-2.1657156,-2.1022242,-2.1555232,,,,-1.9678998,-2.0357156,-1.9722242,-2.0255232
-2.1119907,-2.151591,-2.1165932,-2.1410602,,,,-1.9819907,-2.021591,-1.9865932,-2.0110602
-2.1258577,-2.137719,-2.1303395,-2.1272533,,,,-1.9958577,-2.007719,-2.0003395,-1.9972533
-2.139474,-2.1241452,-2.143684,-2.1139354,,,,-2.009474,-1.9941452,-2.013684,-1.9839354
-2.1528121,-2.1108534,-2.1569501,-2.1007862,,,,-2.0228121,-1.9808534,-2.0269501,-1.9707862
-2.1658233,-2.0978261,-2.170152,-2.0876069,,,,-2.0358233,-1.9678261,-2.040152,-1.9576069
-2.1784831,-2.0851368,-2.1830488,-2.074604,,,,-2.0484831,-1.9551368,-2.0530488,-1.944604
-2.19077,-2.0728449,-2.195184,-2.0624187,,,,-2.06077,-1.9428449,-2.065184,-1.9324187
-2.2026652,-2.0609984,-2.206827,-2.050841,,,,-2.0726652,-1.9309984,-2.076827,-1.920841
-2.2141367,-2.0495551,-2.2182852,-2.0394831,,,,-2.0841367,-1.9195551,-2.0882852,-1.9094831
-2.2251443,-2.0385189,-2.2295054,-2.0282306,,,,-2.0951443,-1.9085189,-2.0995054,-1.8982306
-2.2356721,-2.027966,-2.2401995,-2.0174294,,,,-2.1056721,-1.897966,-2.1101995,-1.8874294
-2.245698,-2.0179316,-2.250054,-2.0075258,,,,-2.115698,-1.8879316,-2.120054,-1.8775258
-2.2552167,-2.0084763,-2.2593025,-1.9984099,,,,-2.1252167,-1.8784763,-2.1293025,-1.8684099
-2.264188,-1.999511,-2.268347,-1.9894464,,,,-2.134188,-1.869511,-2.138347,-1.8594464
-2.2725831,-1.9910717,-2.2770108,-1.9806815,,,,-2.1425831,-1.8610717,-2.1470108,-1.8506815
-2.2803975,-1.9832387,-2.284882,-1.9727137,,,,-2.1503975,-1.8532387,-2.154882,-1.8427137
-2.2876114,-1.9760225,-2.2918745,-1.9657133,,,,-2.1576114,-1.8460225,-2.1618745,-1.8357133
-2.2942244,-1.9694607,-2.2983095,-1.9594212,,,,-2.1642244,-1.8394607,-2.1683095,-1.8294212
-2.3002027,-1.9634897,-2.30435,-1.9534607,,,,-2.1702027,-1.8334897,-2.17435,-1.8234607
-2.3055242,-1.9581211,-2.3099448,-1.9477369,,,,-2.1755242,-1.8281211,-2.1799448,-1.8177369
-2.3101925,-1.9534335,-2.3146402,-1.9429487,,,,-2.1801925,-1.8234335,-2.1846402,-1.8129487
-2.3141948,-1.9494308,-2.3184274,-1.9391646,,,,-2.1841948,-1.8194308,-2.1884274,-1.8091646
-2.3175365,-1.9461346,-2.3216182,-1.936116,,,,-2.1875365,-1.8161346,-2.1916182,-1.806116
-2.32019,-1.9434786,-2.3243524,-1.9334413,,,,-2.19019,-1.8134786,-2.1943524,-1.8034413
-2.3221442,-1.9414791,-2.3265754,-1.931067,,,,-2.1921442,-1.8114791,-2.1965754,-1.801067
-2.3234085,-1.9401972,-2.327833,-1.9297353,,,,-2.1934085,-1.8101972,-2.197833,-1.7997353
-2.323978,-1.9396316,-2.3281754,-1.9294168,,,,-2.193978,-1.8096316,-2.1981754,-1.7994168
-2.323866,-1.939793,-2.327911,-1.9298372,,,,-2.193866,-1.809793,-2.197911,-1.7998372
-2.3230485,-1.9405962,-2.3272218,-1.930552,,,,-2.1930485,-1.8105962,-2.1972218,-1.800552
-2.3215252,-1.9420688,-2.3259765,-1.9316162,,,,-2.1915252,-1.8120688,-2.1959765,-1.8016162
-2.3193165,-1.9442594,-2.3236967,-1.9338545,,,,-2.1893165,-1.8142594,-2.1936967,-1.8038545
-2.316425,-1.94717,-2.3205637,-1.9370383,,,,-2.186425,-1.81717,-2.1905637,-1.8070383
-2.3128642,-1.9507654,-2.3169304,-1.9407946,,,,-2.1828642,-1.8207654,-2.1869304,-1.8107946
-2.3086213,-1.9549863,-2.3128432,-1.9448788,,,,-2.1786213,-1.8249863,-2.1828432,-1.8148788
-2.3037096,-1.9598596,-2.3081614,-1.9494112,,,,-2.1737096,-1.8298596,-2.1781614,-1.8194112
-2.2981478,-1.9654049,-2.3024832,-1.9550484,,,,-2.1681478,-1.8354049,-2.1724832,-1.8250484
-2.291956,-1.9716328,-2.2960624,-1.9615486,,,,-2.161956,-1.8416328,-2.1660624,-1.8315486
-2.285143,-1.9784684,-2.2892321,-1.968474,,,,-2.155143,-1.8484684,-2.1592321,-1.838474
-2.2777094,-1.9858733,-2.2819902,-1.9756758,,,,-2.1477094,-1.8558733,-2.1519902,-1.8456758
-2.26968,-1.9938748,-2.2741307,-1.9834294,,,,-2.13968,-1.8638748,-2.1441307,-1.8534294
-2.2610742,-2.0024723,-2.2653538,-1.9921821,,,,-2.1310742,-1.8724723,-2.1353538,-1.8621821
-2.251924,-2.0116705,-2.2560002,-2.001645,,,,-2.121924,-1.8816705,-2.1260002,-1.871645
-2.2422344,-2.0213627,-2.2463669,-2.0113418,,,,-2.1122344,-1.8913627,-2.1163669,-1.8813418
-2.232022,-2.0315403,-2.2364045,-2.0212331,,,,-2.102022,-1.9015403,-2.1064045,-1.8912331
-2.2213174,-2.0422287,-2.2257727,-2.0317848,,,,-2.0913174,-1.9122287,-2.0957727,-1.9017848
-2.2101435,-2.0534035,-2.214389,-2.0431442,,,,-2.0801435,-1.9234035,-2.084389,-1.9131442
-2.1985408,-2.0650629,-2.2026075,-2.0550441,,,,-2.0685408,-1.9350629,-2.0726075,-1.9250441
-2.1865178,-2.0771015,-2.1906403,-2.067104,,,,-2.0565178,-1.9471015,-2.0606403,-1.937104
-2.1740915,-2.0894848,-2.1785206,-2.079152,,,,-2.0440915,-1.9594848,-2.0485206,-1.949152
-2.1613025,-2.1022615,-2.1657845,-2.091809,,,,-2.0313025,-1.9722615,-2.0357845,-1.961809
-2.1481777,-2.1153938,-2.1524214,-2.1051508,,,,-2.0181777,-1.9853938,-2.0224214,-1.9751508
-2.1347624,-2.128872,-2.1388372,-2.1188527,,,,-2.0047624,-1.998872,-2.0088372,-1.9888527
-2.1210668,-2.142578,-2.1252339,-2.1325427,,,,-1.9910668,-2.012578,-1.9952339,-2.0025427
-2.107114,-2.1564902,-2.1116,-2.146116,,,,-1.977114,-2.0264902,-1.9816,-2.016116
-2.0929482,-2.1706501,-2.0974455,-2.1602105,,,,-1.9629482,-2.0406501,-1.9674455,-2.0302105
-2.0785989,-2.1850172,-2.0828356,-2.1747936,,,,-1.9485989,-2.0550172,-1.9528356,-2.0447936
-2.0641133,-2.1995715,-2.0681744,-2.1895677,,,,-1.9341133,-2.0695715,-1.9381744,-2.0595677
-2.0495026,-2.2141858,-2.053704,-2.2041303,,,,-1.9195026,-2.0841858,-1.923704,-2.0741303
-2.034792,-2.228849,-2.0393488,-2.21843,,,,-1.904792,-2.098849,-1.9093488,-2.08843
-2.0200311,-2.243606,-2.0245436,-2.23318,,,,-1.8900311,-2.113606,-1.8945436,-2.10318
-2.0052495,-2.2584158,-2.0094621,-2.2482225,,,,-1.8752495,-2.1284158,-1.8794621,-2.1182225
-1.9904933,-2.2732333,-1.9945767,-2.2632114,,,,-1.8604933,-2.1432333,-1.8645767,-2.1332114
-1.9757732,-2.2879447,-1.9800489,-2.2778238,,,,-1.8457732,-2.1579447,-1.8500489,-2.1478238
-1.9611197,-2.302556,-1.9657208,-2.2921156,,,,-1.8311197,-2.172556,-1.8357208,-2.1621156
-1.9465772,-2.3170916,-1.9510624,-2.3067056,,,,-1.8165772,-2.1870916,-1.8210624,-2.1767056
-1.9321827,-2.3315312,-1.936379,-2.3213655,,,,-1.8021827,-2.2015312,-1.806379,-2.1913655
-1.91797,-2.3457867,-1.9221126,-2.3357211,,,,-1.78797,-2.2157867,-1.7921126,-2.2057211
-1.9039538,-2.3597862,-1.9083118,-2.349601,,,,-1.7739538,-2.2297862,-1.7783118,-2.219601
-1.8901668,-2.3735389,-1.8948065,-2.3630966,,,,-1.7601668,-2.2435389,-1.7648065,-2.2330966
-1.876646,-2.3870536,-1.881119,-2.3766965,,,,-1.746646,-2.2570536,-1.751119,-2.2466965
-1.8634313,-2.4003195,-1.8676215,-2.3901678,,,,-1.7334313,-2.2703195,-1.7376215,-2.2601678
-1.850547,-2.4132334,-1.8547179,-2.4031464,,,,-1.720547,-2.2832334,-1.7247179,-2.2731464
-1.8380095,-2.4257423,-1.8424587,-2.4154903,,,,-1.7080095,-2.2957423,-1.7124587,-2.2854903
-1.8258474,-2.437868,-1.8305713,-2.4273719,,,,-1.6958474,-2.307868,-1.7005713,-2.2973719
-1.814094,-2.449611,-1.8185843,-2.4392363,,,,-1.684094,-2.319611,-1.6885843,-2.3092363
-1.8027892,-2.4609815,-1.8069307,-2.4508518,,,,-1.6727892,-2.3309815,-1.6769307,-2.3208518
-1.791947,-2.4718386,-1.796156,-2.46173,,,,-1.661947,-2.3418386,-1.666156,-2.33173
-1.7815764,-2.482152,-1.7861612,-2.471809,,,,-1.6515764,-2.352152,-1.6561612,-2.341809
-1.7717118,-2.491989,-1.7764248,-2.481518,,,,-1.6417118,-2.361989,-1.6464248,-2.351518
-1.762376,-2.5013226,-1.7667571,-2.4910387,,,,-1.632376,-2.3713226,-1.6367571,-2.3610387
-1.7536054,-2.5101408,-1.7578096,-2.5000027,,,,-1.6236054,-2.3801408,-1.6278096,-2.3700027
-1.7454025,-2.5183467,-1.7497071,-2.5082039,,,,-1.6154025,-2.3883467,-1.6197071,-2.3782039
-1.737776,-2.5259212,-1.7424449,-2.5155443,,,,-1.607776,-2.3959212,-1.6124449,-2.3855443
-1.7307532,-2.5329202,-1.7354405,-2.5224916,,,,-1.6007532,-2.4029202,-1.6054405,-2.3924916
-1.7243508,-2.5393246,-1.7287332,-2.529052,,,,-1.5943508,-2.4093246,-1.5987332,-2.399052
-1.7185977,-2.5451242,-1.7228006,-2.5349954,,,,-1.5885977,-2.4151242,-1.5928006,-2.4049954
-1.7134866,-2.5502201,-1.7178652,-2.5400382,,,,-1.5834866,-2.4202201,-1.5878652,-2.4100382
-1.7090223,-2.5546242,-1.7137778,-2.5441915,,,,-1.5790223,-2.4246242,-1.5837778,-2.4141915
-1.7052298,-2.5583967,-1.7098798,-2.5480012,,,,-1.5752298,-2.4283967,-1.5798798,-2.4180012
-1.7021166,-2.5615264,-1.7064309,-2.5513045,,,,-1.5721166,-2.4315264,-1.5764309,-2.4213045
-1.6996992,-2.5639726,-1.7039337,-2.5538417,,,,-1.5696992,-2.4339726,-1.5739337,-2.4238417
-1.6979624,-2.5656782,-1.702442,-2.5554403,,,,-1.5679624,-2.4356782,-1.572442,-2.4254403
-1.6969115,-2.5666806,-1.7016906,-2.5562326,,,,-1.5669115,-2.4366806,-1.5716906,-2.4262326
-1.6965555,-2.5670098,-1.7011849,-2.556609,,,,-1.5665555,-2.4370098,-1.5711849,-2.426609
-1.6969049,-2.566696,-1.7011558,-2.5565044,,,,-1.5669049,-2.436696,-1.5711558,-2.4265044
-1.6979575,-2.565666,-1.7021923,-2.5555319,,,,-1.5679575,-2.435666,-1.5721923,-2.4255319
-1.6996932,-2.563885,-1.7042644,-2.5535835,,,,-1.5696932,-2.433885,-1.5742644,-2.4235835
-1.7021107,-2.561419,-1.7069643,-2.5508963,,,,-1.5721107,-2.431419,-1.5769643,-2.4208963
-1.7052139,-2.5582968,-1.7097505,-2.5479325,,,,-1.5752139,-2.4282968,-1.5797505,-2.4179325
-1.709008,-2.5545546,-1.7132278,-2.5443863,,,,-1.579008,-2.4245546,-1.5832278,-2.4143863
-1.7134719,-2.5500878,-1.7177938,-2.5399205,,,,-1.5834719,-2.4200878,-1.5877938,-2.4099205
-1.718583,-2.5449215,-1.7232574,-2.5345446,,,,-1.588583,-2.4149215,-1.5932574,-2.4045446
-1.7243409,-2.5391332,-1.7290925,-2.5286652,,,,-1.5943409,-2.4091332,-1.5990925,-2.3986652
-1.7307328,-2.5327343,-1.7351843,-2.5224093,,,,-1.6007328,-2.4027343,-1.6051843,-2.3924093
-1.7377604,-2.5257543,-1.7419901,-2.5155925,,,,-1.6077604,-2.3957543,-1.6119901,-2.3855925
-1.7453924,-2.5181266,-1.7497275,-2.5079602,,,,-1.6153924,-2.3881266,-1.6197275,-2.3779602
-1.7536005,-2.509864,-1.7583,-2.4994568,,,,-1.6236005,-2.379864,-1.6283,-2.3694568
-1.7623783,-2.501064,-1.7670887,-2.4906,,,,-1.6323783,-2.371064,-1.6370887,-2.3606
-1.7717068,-2.4917406,-1.7761226,-2.4814237,,,,-1.6417068,-2.3617406,-1.6461226,-2.3514237
-1.7815799,-2.4819156,-1.7858222,-2.4717487,,,,-1.6515799,-2.3519156,-1.6558222,-2.3417487
-1.7919564,-2.4715346,-1.7963413,-2.4613296,,,,-1.6619564,-2.3415346,-1.6663413,-2.3313296
-1.8028069,-2.4606332,-1.8075452,-2.4501578,,,,-1.6728069,-2.3306332,-1.6775452,-2.3201578
-1.814121,-2.4493102,-1.8187741,-2.4388515,,,,-1.684121,-2.3193102,-1.6887741,-2.3088515
-1.8258723,-2.4375833,-1.8302063,-2.4273123,,,,-1.6958723,-2.3075833,-1.7002063,-2.2973123
-1.8380461,-2.4254586,-1.8422585,-2.415324,,,,-1.7080461,-2.2954586,-1.7122585,-2.285324
-1.8505948,-2.4128925,-1.8550162,-2.4026607,,,,-1.7205948,-2.2828925,-1.7250162,-2.2726607
-1.8634893,-2.3999575,-1.8682174,-2.3894485,,,,-1.7334893,-2.2699575,-1.7382174,-2.2594485
-1.8767116,-2.3867275,-1.8812912,-2.376279,,,,-1.7467116,-2.2567275,-1.7512912,-2.246279
-1.8902372,-2.3732454,-1.8945134,-2.3630048,,,,-1.7602372,-2.2432454,-1.7645134,-2.2330048
-1.9040382,-2.359487,-1.9082513,-2.3493532,,,,-1.7740382,-2.229487,-1.7782513,-2.2193532
-1.9180658,-2.345439,-1.9225118,-2.335158,,,,-1.7880658,-2.215439,-1.7925118,-2.205158
-1.9322923,-2.331182,-1.9369987,-2.3206376,,,,-1.8022923,-2.201182,-1.8069987,-2.1906376
-1.9466918,-2.3167757,-1.9512453,-2.3062924,,,,-1.8166918,-2.1867757,-1.8212453,-2.1762924
-1.9612422,-2.302285,-1.9654474,-2.2920803,,,,-1.8312422,-2.172285,-1.8354474,-2.1620803
-1.9759084,-2.2876624,-1.980087,-2.2775482,,,,-1.8459084,-2.1576624,-1.850087,-2.1475482
-1.9906399,-2.2729005,-1.9951149,-2.262567,,,,-1.8606399,-2.1429005,-1.8651149,-2.132567
-2.0054084,-2.258101,-2.0101403,-2.24746,,,,-1.8754084,-2.128101,-1.8801403,-2.11746
-2.020189,-2.243321,-2.0246465,-2.232871,,,,-1.890189,-2.113321,-1.8946465,-2.102871
-2.0349621,-2.2286261,-2.0391091,-2.2184702,,,,-1.9049621,-2.0986261,-1.9091091,-2.0884702
-2.0496801,-2.2139298,-2.0538843,-2.2038077,,,,-1.9196801,-2.0839298,-1.9238843,-2.0738077
-2.0642966,-2.1992635,-2.0688314,-2.1888338,,,,-1.9342966,-2.0692635,-1.9388314,-2.0588338
-2.0787948,-2.184756,-2.0834088,-2.1741804,,,,-1.9487948,-2.054756,-1.9534088,-2.0441804
-2.09314,-2.170424,-2.0974556,-2.160092,,,,-1.96314,-2.040424,-1.9674556,-2.030092
-2.1073166,-2.1563095,-2.1114748,-2.1461862,,,,-1.9773166,-2.0263095,-1.9814748,-2.0161862
-2.1212729,-2.142365,-2.125517,-2.1322385,,,,-1.9912729,-2.012365,-1.995517,-2.0022385
-2.1349717,-2.1286302,-2.1395117,-2.1181755,,,,-2.0049717,-1.9986302,-2.0095117,-1.9881755
-2.1483945,-2.1151999,-2.1529347,-2.1046767,,,,-2.0183945,-1.9851999,-2.0229347,-1.9746767
-2.16151,-2.1021001,-2.1657995,-2.0917888,,,,-2.03151,-1.9721001,-2.0357995,-1.9617888
-2.1743048,-2.0893649,-2.178437,-2.0792781,,,,-2.0443048,-1.9593649,-2.048437,-1.9492781
-2.186728,-2.0769428,-2.1909727,-2.0668124,,,,-2.056728,-1.9469428,-2.0609727,-1.9368124
-2.1987482,-2.0648806,-2.2032877,-2.0543821,,,,-2.0687482,-1.9348806,-2.0732877,-1.9243821
-2.210354,-2.05327,-2.2148324,-2.0427873,,,,-2.080354,-1.92327,-2.0848324,-1.9127873
-2.2215165,-2.0421315,-2.2257303,-2.0319064,,,,-2.0915165,-1.9121315,-2.0957303,-1.9019064
-2.2322222,-2.0314763,-2.2363218,-2.0214499,,,,-2.1022222,-1.9014763,-2.1063218,-1.8914499
-2.2424256,-2.0212584,-2.2466782,-2.0111281,,,,-2.1124256,-1.8912584,-2.1166782,-1.8811281
-2.2521044,-2.0115413,-2.2566205,-2.0010412,,,,-2.1221044,-1.8815413,-2.1266205,-1.8710412
-2.261249,-2.0023836,-2.26567,-1.9919401,,,,-2.131249,-1.8723836,-2.13567,-1.8619401
-2.2698416,-1.9938206,-2.2740136,-1.9836509,,,,-2.1398416,-1.8638206,-2.1440136,-1.8536509
-2.2778667,-1.9858347,-2.2819628,-1.9758267,,,,-2.1478667,-1.8558347,-2.1519628,-1.8458267
-2.2852875,-1.9783942,-2.289549,-1.9682409,,,,-2.1552875,-1.8483942,-2.159549,-1.8382409
-2.2920905,-1.9715548,-2.296581,-1.9610612,,,,-2.1620905,-1.8415548,-2.166581,-1.8310612
-2.2982696,-1.9653614,-2.3026341,-1.954966,,,,-2.1682696,-1.8353614,-2.1726341,-1.824966
-2.3038176,-1.95985,-2.3079478,-1.9497346,,,,-2.1738176,-1.82985,-2.1779478,-1.8197346
-2.308718,-1.9549714,-2.3128287,-1.9449511,,,,-2.178718,-1.8249714,-2.1828287,-1.8149511
-2.3129448,-1.9507134,-2.3172463,-1.9404793,,,,-2.1829448,-1.8207134,-2.1872463,-1.8104793
-2.3164967,-1.9471307,-2.3209626,-1.9366374,,,,-2.1864967,-1.8171307,-2.1909626,-1.8066374
-2.319369,-1.944248,-2.3236526,-1.9339306,,,,-2.189369,-1.814248,-2.1936526,-1.8039306
-2.3215674,-1.9420928,-2.3256546,-1.9320583,,,,-2.1915674,-1.8120928,-2.1956546,-1.8020583
-2.3230702,-1.9405842,-2.327219,-1.9305426,,,,-2.1930702,-1.8105842,-2.197219,-1.8005426
-2.3238708,-1.939746,-2.3282462,-1.92941,,,,-2.1938708,-1.809746,-2.1982462,-1.79941
-2.323976,-1.9396203,-2.3284022,-1.9291616,,,,-2.193976,-1.8096203,-2.1984022,-1.7991616
-2.3233827,-1.9402068,-2.3276147,-1.929941,,,,-2.1933827,-1.8102068,-2.1976147,-1.799941
-2.3221093,-1.9415236,-2.3261792,-1.9315124,,,,-2.1921093,-1.8115236,-2.1961792,-1.8015124
-2.32014,-1.9434967,-2.32427,-1.9334928,,,,-2.19014,-1.8134967,-2.19427,-1.8034928
-2.3174702,-1.9461198,-2.3218678,-1.9357601,,,,-2.1874702,-1.8161198,-2.1918678,-1.8057601
-2.3141207,-1.9494493,-2.318545,-1.938994,,,,-2.1841207,-1.8194493,-2.188545,-1.808994
-2.3100964,-1.9534727,-2.3143083,-1.9432375,,,,-2.1800964,-1.8234727,-2.1843083,-1.8132375
-2.3054215,-1.9581964,-2.309478,-1.9482131,,,,-2.1754215,-1.8281964,-2.179478,-1.8182131
-2.300085,-1.9635294,-2.3042342,-1.9535129,,,,-2.170085,-1.8335294,-2.1742342,-1.8235129
-2.2940933,-1.9694742,-2.2985288,-1.9590695,,,,-2.1640933,-1.8394742,-2.1685288,-1.8290695
-2.2874755,-1.9760776,-2.291897,-1.9656357,,,,-2.1574755,-1.8460776,-2.161897,-1.8356357
-2.2802433,-1.9833206,-2.2844116,-1.973145,,,,-2.1502433,-1.8533206,-2.1544116,-1.843145
-2.2724255,-1.9911872,-2.2764674,-1.9812319,,,,-2.1424255,-1.8611872,-2.1464674,-1.8512319
-2.2640165,-1.9995818,-2.268207,-1.9895203,,,,-2.1340165,-1.8695818,-2.138207,-1.8595203
-2.255035,-2.0085197,-2.2595,-1.9980825,,,,-2.125035,-1.8785197,-2.1295,-1.8680825
-2.245513,-2.0180262,-2.2498928,-2.0076418,,,,-2.115513,-1.8880262,-2.1198928,-1.8776418
-2.2354754,-2.0280958,-2.2396115,-2.017975,,,,-2.1054754,-1.8980958,-2.1096115,-1.887975
-2.2249466,-2.0386645,-2.2290176,-2.0286833,,,,-2.0949466,-1.9086645,-2.0990176,-1.8986833
-2.213932,-2.0496628,-2.21817,-2.0395526,,,,-2.083932,-1.9196628,-2.08817,-1.9095526
-2.2024585,-2.0611023,-2.2069446,-2.0506672,,,,-2.0724585,-1.9311023,-2.0769446,-1.9206672
-2.19056,-2.0729921,-2.1949226,-2.062643,,,,-2.06056,-1.9429921,-2.0649226,-1.932643
-2.1782697,-2.0853292,-2.1823875,-2.0752335,,,,-2.0482697,-1.9553292,-2.0523875,-1.9452335
-2.1656114,-2.0980185,-2.1697127,-2.0880059,,,,-2.0356114,-1.9680185,-2.0397127,-1.9580059
-2.1525992,-2.1110089,-2.1569067,-2.1008127,,,,-2.0225992,-1.9810089,-2.0269067,-1.9708127
-2.139268,-2.1243167,-2.14377,-2.1138786,,,,-2.009268,-1.9943167,-2.01377,-1.9838786
-2.1256496,-2.1379343,-2.1299719,-2.1276333,,,,-1.9956496,-2.0079343,-1.9999719,-1.9976333
-2.1117874,-2.1518544,-2.1158829,-2.141799,,,,-1.9817874,-2.0218544,-1.9858829,-2.011799
-2.0976987,-2.165957,-2.1018431,-2.1559192,,,,-1.9676987,-2.035957,-1.9718431,-2.0259192
-2.0834075,-2.1802143,-2.0878438,-2.1698984,,,,-1.9534075,-2.0502143,-1.9578438,-2.0398984
-2.0689532,-2.1946548,-2.0734879,-2.1841935,,,,-1.9389532,-2.0646548,-1.9434879,-2.0541935
-2.0543674,-2.2092463,-2.0586599,-2.1989669,,,,-1.9243674,-2.0792463,-1.9286599,-2.0689669
-2.039699,-2.223982,-2.0437859,-2.2139279,,,,-1.909699,-2.093982,-1.9137859,-2.0839279
-2.0249645,-2.2387391,-2.0291061,-2.2287146,,,,-1.8949645,-2.1087391,-1.8991061,-2.0987146
-2.0101849,-2.2534732,-2.0146754,-2.2431399,,,,-1.8801849,-2.1234732,-1.8846754,-2.1131399
-1.9954054,-2.2682406,-1.9999689,-2.257782,,,,-1.8654054,-2.1382406,-1.8699689,-2.127782
-1.9806583,-2.2829977,-1.9849565,-2.2727326,,,,-1.8506583,-2.1529977,-1.8549565,-2.1427326
-1.9659923,-2.297728,-1.9701133,-2.287654,,,,-1.8359923,-2.167728,-1.8401133,-2.157654
-1.951422,-2.3123132,-1.9556296,-2.30224,,,,-1.821422,-2.1823132,-1.8256296,-2.17224
-1.9369711,-2.3267223,-1.9415202,-2.3163606,,,,-1.8069711,-2.1967223,-1.8115202,-2.1863606
-1.9226826,-2.3410007,-1.9272643,-2.330561,,,,-1.7926826,-2.2110007,-1.7972643,-2.200561
-1.9085884,-2.3551093,-1.9128953,-2.3448519,,,,-1.7785884,-2.2251093,-1.7828953,-2.2148519
-1.8947349,-2.3690275,-1.89886,-2.3589543,,,,-1.7647349,-2.2390275,-1.76886,-2.2289543
-1.8811338,-2.382632,-1.8853968,-2.3725237,,,,-1.7511338,-2.252632,-1.7553968,-2.2425237
-1.8678067,-2.3959087,-1.8724452,-2.3854932,,,,-1.7378067,-2.2659087,-1.7424452,-2.2554932
-1.8547982,-2.4089092,-1.8594004,-2.3984784,,,,-1.7247982,-2.2789092,-1.7294004,-2.2684784
-1.842135,-2.4215928,-1.8464167,-2.4113644,,,,-1.712135,-2.2915928,-1.7164167,-2.2813644
-1.8298596,-2.4339234,-1.833997,-2.4238476,,,,-1.6998596,-2.3039234,-1.703997,-2.2938476
-1.8179772,-2.4457914,-1.822322,-2.4356276,,,,-1.6879772,-2.3157914,-1.692322,-2.3056276
-1.806511,-2.4572078,-1.811201,-2.446768,,,,-1.676511,-2.3272078,-1.681201,-2.316768
-1.7954985,-2.468206,-1.8000584,-2.4578193,,,,-1.6654985,-2.338206,-1.6700584,-2.3278193
-1.784969,-2.4787716,-1.7892185,-2.4685785,,,,-1.654969,-2.3487716,-1.6592185,-2.3385785
-1.7749479,-2.4888288,-1.7791185,-2.4787346,,,,-1.6449479,-2.3588288,-1.6491185,-2.3487346
-1.7654426,-2.4983076,-1.7698674,-2.4881047,,,,-1.6354426,-2.3683076,-1.6398674,-2.3581047
-1.7564696,-2.5072314,-1.7612274,-2.4967634,,,,-1.6264696,-2.3772314,-1.6312274,-2.3667634
-1.7480606,-2.5156187,-1.7526629,-2.5052043,,,,-1.6180606,-2.3856187,-1.6226629,-2.3752043
-1.7402431,-2.523481,-1.7444526,-2.5133065,,,,-1.6102431,-2.393481,-1.6144526,-2.3833065
-1.7330327,-2.5307196,-1.7372325,-2.5206047,,,,-1.6030327,-2.4007196,-1.6072325,-2.3906047
-1.7264271,-2.537282,-1.730963,-2.5269958,,,,-1.5964271,-2.407282,-1.600963,-2.3969958
-1.7204433,-2.5432195,-1.7252655,-2.5327064,,,,-1.5904433,-2.4132195,-1.5952655,-2.4027064
-1.7151039,-2.5485417,-1.7196204,-2.538187,,,,-1.5851039,-2.4185417,-1.5896204,-2.408187
-1.7104329,-2.5532664,-1.7146293,-2.5431117,,,,-1.5804329,-2.4232664,-1.5846293,-2.4131117
-1.7064284,-2.5572683,-1.7107252,-2.5471162,,,,-1.5764284,-2.4272683,-1.5807252,-2.4171162
-1.7030863,-2.5605532,-1.707742,-2.5501968,,,,-1.5730863,-2.4305532,-1.577742,-2.4201968
-1.7004247,-2.5631822,-1.705166,-2.5527376,,,,-1.5704247,-2.4331822,-1.575166,-2.4227376
-1.6984497,-2.5651463,-1.702894,-2.554841,,,,-1.5684497,-2.4351463,-1.572894,-2.424841
-1.6971816,-2.566456,-1.7014065,-2.556303,,,,-1.5671816,-2.436456,-1.5714065,-2.426303
-1.696608,-2.5670303,-1.7009343,-2.5568742,,,,-1.566608,-2.4370303,-1.5709343,-2.4268742
-1.6967182,-2.5668613,-1.7014208,-2.5564817,,,,-1.5667182,-2.4368613,-1.5714208,-2.4264817
-1.6975241,-2.5660273,-1.7022479,-2.555594,,,,-1.5675241,-2.4360273,-1.5722479,-2.425594
-1.699024,-2.5645243,-1.7034442,-2.5542337,,,,-1.569024,-2.4345243,-1.5734442,-2.4242337
-1.7012296,-2.5623587,-1.7054738,-2.552203,,,,-1.5712296,-2.4323587,-1.5754738,-2.422203
-1.7041168,-2.559458,-1.7085198,-2.5492595,,,,-1.5741168,-2.429458,-1.5785198,-2.4192595
-1.7076725,-2.555844,-1.7124441,-2.5454024,,,,-1.5776725,-2.425844,-1.5824441,-2.4154024
-1.7119027,-2.551595,-1.7165765,-2.5411814,,,,-1.5819027,-2.421595,-1.5865765,-2.4111814
-1.7167972,-2.5467159,-1.7211381,-2.5364732,,,,-1.5867972,-2.4167159,-1.5911381,-2.4064732
-1.7223557,-2.5411912,-1.7265958,-2.5310532,,,,-1.5923557,-2.4111912,-1.5965958,-2.4010532
-1.7285456,-2.5349735,-1.7330216,-2.5247315,,,,-1.5985456,-2.4049735,-1.6030216,-2.3947315
-1.735353,-2.5281197,-1.740133,-2.5176486,,,,-1.605353,-2.3981197,-1.610133,-2.3876486
-1.7427709,-2.5206782,-1.7474198,-2.5102423,,,,-1.6127709,-2.3906782,-1.6174198,-2.3802423
-1.7507907,-2.5126954,-1.7550634,-2.5024792,,,,-1.6207907,-2.3826954,-1.6250634,-2.3724792
-1.7593963,-2.5041257,-1.763614,-2.4939958,,,,-1.6293963,-2.3741257,-1.633614,-2.3639958
-1.7685497,-2.494936,-1.7730802,-2.484645,,,,-1.6385497,-2.364936,-1.6430802,-2.354645
-1.7782307,-2.4852082,-1.7830712,-2.4746465,,,,-1.6482307,-2.3552082,-1.6530712,-2.3446465
-1.7884289,-2.4749976,-1.7929946,-2.4645726,,,,-1.6584289,-2.3449976,-1.6629946,-2.3345726
-1.7991328,-2.4643573,-1.803338,-2.454171,,,,-1.6691328,-2.3343573,-1.673338,-2.324171
-1.8103094,-2.4532026,-1.8145559,-2.4430558,,,,-1.6803094,-2.3232026,-1.6845559,-2.3130558
-1.821917,-2.4415413,-1.826525,-2.4311613,,,,-1.691917,-2.3115413,-1.696525,-2.3011613
-1.8339398,-2.4294921,-1.8386531,-2.4189695,,,,-1.7039398,-2.2994921,-1.7086531,-2.2889695
-1.8463559,-2.4170784,-1.8507922,-2.4067112,,,,-1.7163559,-2.2870784,-1.7207922,-2.2767112
-1.8591508,-2.4043435,-1.8633583,-2.3941754,,,,-1.7291508,-2.2743435,-1.7333583,-2.2641754
-1.8722804,-2.3912276,-1.8765701,-2.3810703,,,,-1.7422804,-2.2612276,-1.7465701,-2.2510703
-1.8857043,-2.3777565,-1.8903424,-2.3673269,,,,-1.7557043,-2.2477565,-1.7603424,-2.2373269
-1.899405,-2.364042,-1.9040804,-2.3535193,,,,-1.769405,-2.234042,-1.7740804,-2.2235193
-1.9133513,-2.3501066,-1.9177454,-2.339754,,,,-1.7833513,-2.2201066,-1.7877454,-2.209754
-1.9275283,-2.3359898,-1.9317373,-2.3258249,,,,-1.7975283,-2.2059898,-1.8017373,-2.1958249
-1.9418863,-2.3216451,-1.946191,-2.311478,,,,-1.8118863,-2.1916451,-1.816191,-2.181478
-1.9563844,-2.3071061,-1.9610152,-2.2966477,,,,-1.8263844,-2.1771061,-1.8310152,-2.1666477
-1.9710031,-2.2924796,-1.9756335,-2.2819566,,,,-1.8410031,-2.1624796,-1.8456335,-2.1519566
-1.9857087,-2.2777928,-1.9900652,-2.2674516,,,,-1.8557087,-2.1477928,-1.8600652,-2.1374516
-2.000484,-2.2630793,-2.004674,-2.2529324,,,,-1.870484,-2.1330793,-1.874674,-2.1229324
-2.015276,-2.2482938,-2.0195855,-2.238113,,,,-1.885276,-2.1182938,-1.8895855,-2.108113
-2.0300449,-2.2334834,-2.0346758,-2.2229728,,,,-1.9000449,-2.1034834,-1.9046758,-2.0929728
-2.0447736,-2.2187551,-2.0493381,-2.208253,,,,-1.9147736,-2.0887551,-1.9193381,-2.078253
-2.0594266,-2.2041332,-2.0637018,-2.19386,,,,-1.9294266,-2.0741332,-1.9337018,-2.06386
-2.0739833,-2.1896359,-2.0781283,-2.1795489,,,,-1.9439833,-2.0596359,-1.9481283,-2.0495489
-2.0883902,-2.1752197,-2.0927038,-2.1650413,,,,-1.9583902,-2.0452197,-1.9627038,-2.0350413
-2.1026142,-2.1609598,-2.1072198,-2.1504344,,,,-1.9726142,-2.0309598,-1.9772198,-2.0204344
-2.1166368,-2.1469358,-2.1211315,-2.1364702,,,,-1.9866368,-2.0169358,-1.9911315,-2.0064702
-2.1304263,-2.1331862,-2.1346399,-2.1229711,,,,-2.0004263,-2.0031862,-2.0046399,-1.9929711
-2.1439592,-2.1197002,-2.1481007,-2.1096278,,,,-2.0139592,-1.9897002,-2.0181007,-1.9796278
-2.157185,-2.1064585,-2.1615192,-2.0962321,,,,-2.027185,-1.9764585,-2.0315192,-1.9662321
-2.1700786,-2.093536,-2.174648,-2.0830013,,,,-2.0400786,-1.963536,-2.044648,-1.9530013
-2.1826178,-2.0809926,-2.1870312,-2.0705676,,,,-2.0526178,-1.9509926,-2.0570312,-1.9405676
-2.1947836,-2.0688769,-2.198945,-2.05872,,,,-2.0647836,-1.9388769,-2.068945,-1.92872
-2.2065429,-2.0571455,-2.2106947,-2.0470696,,,,-2.0765429,-1.9271455,-2.0806947,-1.9170696
-2.2178549,-2.0458041,-2.2222234,-2.0355077,,,,-2.0878549,-1.9158041,-2.0922234,-1.9055077
-2.2287031,-2.0349315,-2.2332302,-2.0243961,,,,-2.0987031,-1.9049315,-2.1032302,-1.8943961
-2.239066,-2.0245619,-2.243415,-2.0141633,,,,-2.109066,-1.8945619,-2.113415,-1.8841633
-2.2489363,-2.0147566,-2.2530197,-2.0046958,,,,-2.1189363,-1.8847566,-2.1230197,-1.8746958
-2.2582718,-2.0054227,-2.262443,-1.9953471,,,,-2.1282718,-1.8754227,-2.132443,-1.8653471
-2.2670456,-1.996608,-2.2714778,-1.9862136,,,,-2.1370456,-1.866608,-2.1414778,-1.8562136
-2.2752508,-1.9883854,-2.2797302,-1.9778693,,,,-2.1452508,-1.8583854,-2.1497302,-1.8478693
-2.2828664,-1.9807692,-2.287129,-1.9704619,,,,-2.1528664,-1.8507692,-2.157129,-1.8404619
-2.2898918,-1.9737933,-2.293986,-1.9637436,,,,-2.1598918,-1.8437933,-2.163986,-1.8337436
-2.296292,-1.9673997,-2.3004512,-1.9573566,,,,-2.166292,-1.8373997,-2.1704512,-1.8273566
-2.3020443,-1.9616021,-2.306473,-1.9512065,,,,-2.1720443,-1.8316021,-2.176473,-1.8212065
-2.3071507,-1.956477,-2.3115994,-1.9459916,,,,-2.1771507,-1.826477,-2.1815994,-1.8159916
-2.311598,-1.9520305,-2.3158306,-1.9417653,,,,-2.181598,-1.8220305,-2.1858306,-1.8117653
-2.315391,-1.9482842,-2.3194722,-1.9382678,,,,-2.185391,-1.8182842,-2.1894722,-1.8082678
-2.3185002,-1.9451715,-2.3226682,-1.9351288,,,,-2.1885002,-1.8151715,-2.1926682,-1.8051288
-2.320913,-1.9427123,-2.3253547,-1.9322856,,,,-2.190913,-1.8127123,-2.1953547,-1.8022856
-2.3226396,-1.9409691,-2.3270642,-1.9305068,,,,-2.1926396,-1.8109691,-2.1970642,-1.8005068
-2.3236736,-1.9399421,-2.3278533,-1.9297494,,,,-2.1936736,-1.8099421,-2.1978533,-1.7997494
-2.3240255,-1.9396343,-2.328079,-1.9296709,,,,-2.1940255,-1.8096343,-2.198079,-1.7996709
-2.323671,-1.93997,-2.327865,-1.9298981,,,,-2.193671,-1.80997,-2.197865,-1.7998981
-2.3226117,-1.9409839,-2.3270613,-1.9305314,,,,-2.1926117,-1.8109839,-2.1970613,-1.8005314
-2.3208624,-1.9427133,-2.3252286,-1.9323164,,,,-2.1908624,-1.8127133,-2.1952286,-1.8023164
-2.318429,-1.94517,-2.3225635,-1.9350485,,,,-2.188429,-1.81517,-2.1925635,-1.8050485
-2.3153201,-1.9483107,-2.3193919,-1.9383366,,,,-2.1853201,-1.8183107,-2.1893919,-1.8083366
-2.311524,-1.9520845,-2.3157545,-1.9419626,,,,-2.181524,-1.8220845,-2.1857545,-1.8119626
-2.3070527,-1.9565185,-2.311504,-1.9460676,,,,-2.1770527,-1.8265185,-2.181504,-1.8160676
-2.3019239,-1.9616314,-2.3062505,-1.9512833,,,,-2.1719239,-1.8316314,-2.1762505,-1.8212833
-2.2961575,-1.9674356,-2.3002604,-1.9573602,,,,-2.1661575,-1.8374356,-2.1702604,-1.8273602
-2.2897593,-1.9738531,-2.293854,-1.9638544,,,,-2.1597593,-1.8438531,-2.163854,-1.8338544
-2.2827297,-1.9808512,-2.2870194,-1.9706397,,,,-2.1527297,-1.8508512,-2.1570194,-1.8406397
-2.275094,-1.9884589,-2.2795416,-1.9780129,,,,-2.145094,-1.8584589,-2.1495416,-1.8480129
-2.2668704,-1.9966761,-2.2711324,-1.9864022,,,,-2.1368704,-1.8666761,-2.1411324,-1.8564022
-2.25809,-2.0055046,-2.2621626,-1.9954926,,,,-2.12809,-1.8755046,-2.1321626,-1.8654926
-2.248757,-2.0148413,-2.252893,-2.0048319,,,,-2.118757,-1.8848413,-2.122893,-1.8748319
-2.2388817,-2.0246716,-2.2432932,-2.0143169,,,,-2.1088817,-1.8946716,-2.1132932,-1.8843169
-2.2285038,-2.0350388,-2.2329067,-2.0246625,,,,-2.0985038,-1.9050388,-2.1029067,-1.8946625
-2.217643,-2.04592,-2.2218033,-2.0357913,,,,-2.087643,-1.91592,-2.0918033,-1.9057913
-2.2063326,-2.057267,-2.2104346,-2.0472627,,,,-2.0763326,-1.927267,-2.0804346,-1.9172627
-2.1945788,-2.0690107,-2.1988198,-2.0588954,,,,-2.0645788,-1.9390107,-2.0688198,-1.9288954
-2.1824118,-2.0811522,-2.1868705,-2.0707682,,,,-2.0524118,-1.9511522,-2.0568705,-1.9407682
-2.1698622,-2.093696,-2.1742204,-2.0833759,,,,-2.0398622,-1.963696,-2.0442204,-1.9533759
-2.1569663,-2.1066359,-2.1611017,-2.0965359,,,,-2.0269663,-1.9766359,-2.0311017,-1.9665359
-2.1437494,-2.1198838,-2.1478611,-2.1098659,,,,-2.0137494,-1.9898838,-2.0178611,-1.9798659
-2.1302277,-2.1333886,-2.134526,-2.123214,,,,-2.0002277,-2.0033886,-2.004526,-1.993214
-2.1164371,-2.1471576,-2.1209365,-2.1367456,,,,-1.9864371,-2.0171576,-1.9909365,-2.0067456
-2.1024096,-2.161184,-2.1067537,-2.1508814,,,,-1.9724096,-2.031184,-1.9767537,-2.0208814
-2.088188,-2.1754583,-2.0923047,-2.1653863,,,,-1.958188,-2.0454583,-1.9623047,-2.0353863
-2.0737947,-2.1898762,-2.0779231,-2.1798486,,,,-1.9437947,-2.0598762,-1.9479231,-2.0498486
-2.0592523,-2.2043887,-2.0636563,-2.1941136,,,,-1.9292523,-2.0743887,-1.9336563,-2.0641136
-2.0445977,-2.2190226,-2.0491607,-2.2085396,,,,-1.9145977,-2.0890226,-1.9191607,-2.0785396
-2.0298674,-2.2337576,-2.0341871,-2.223455,,,,-1.8998674,-2.1037576,-1.9041871,-2.093455
-2.0151082,-2.2485844,-2.019208,-2.2385134,,,,-1.8851082,-2.1185844,-1.889208,-2.1085134
-2.0003378,-2.2633785,-2.0044811,-2.2533466,,,,-1.8703378,-2.1333785,-1.8744811,-2.1233466
-1.9855775,-2.2780932,-1.9900789,-2.2677568,,,,-1.8555775,-2.1480932,-1.8600789,-2.1377568
-1.9708713,-2.2927862,-1.9754572,-2.2823173,,,,-1.8408713,-2.1627862,-1.8454572,-2.1523173
-1.956252,-2.307415,-1.9605607,-2.297143,,,,-1.826252,-2.177415,-1.8305607,-2.167143
-1.9417676,-2.3219627,-1.9458971,-2.3118774,,,,-1.8117676,-2.1919627,-1.8158971,-2.1818774
-1.9274334,-2.3363138,-1.9316398,-2.3262376,,,,-1.7974334,-2.2063138,-1.8016398,-2.1962376
-1.9132716,-2.3504325,-1.9178251,-2.340076,,,,-1.7832716,-2.2204325,-1.7878251,-2.210076
-1.8993245,-2.3643676,-1.9039241,-2.3539218,,,,-1.7693245,-2.2343676,-1.7739241,-2.2239218
-1.8856232,-2.3780798,-1.8899471,-2.367812,,,,-1.7556232,-2.2480798,-1.7599471,-2.237812
-1.8722135,-2.3915511,-1.8763571,-2.3814603,,,,-1.7422135,-2.2615511,-1.7463571,-2.2514603
-1.8591069,-2.4046627,-1.8633759,-2.3945466,,,,-1.7291069,-2.2746627,-1.7333759,-2.2645466
-1.8463237,-2.4173971,-1.8509615,-2.4069923,,,,-1.7163237,-2.2873971,-1.7209615,-2.2769923
-1.8339056,-2.4298044,-1.838524,-2.4193715,,,,-1.7039056,-2.2998044,-1.708524,-2.2893715
-1.8218792,-2.4418482,-1.8261789,-2.4316093,,,,-1.6918792,-2.3118482,-1.6961789,-2.3016093
-1.8102855,-2.4534956,-1.8144337,-2.4434096,,,,-1.6802855,-2.3234956,-1.6844337,-2.3134096
-1.7991287,-2.464638,-1.8034791,-2.4544705,,,,-1.6691287,-2.334638,-1.6734791,-2.3244705
-1.7884299,-2.4752864,-1.79313,-2.4648472,,,,-1.6584299,-2.3452864,-1.66313,-2.3348472
-1.7782245,-2.4854754,-1.7828003,-2.4750856,,,,-1.6482245,-2.3554754,-1.6528003,-2.3450856
-1.7685401,-2.495192,-1.7728035,-2.4849929,,,,-1.6385401,-2.365192,-1.6428035,-2.3549929
-1.7594017,-2.5043632,-1.7636054,-2.4942511,,,,-1.6294017,-2.3743632,-1.6336054,-2.3642511
-1.7508112,-2.5129272,-1.7552545,-2.5027024,,,,-1.6208112,-2.3829272,-1.6252545,-2.3727024
-1.7427893,-2.5209054,-1.7475251,-2.5104617,,,,-1.6127893,-2.3909054,-1.6175251,-2.3804617
-1.73536,-2.5283123,-1.7399535,-2.5179166,,,,-1.60536,-2.3983123,-1.6099535,-2.3879166
-1.72855,-2.5351633,-1.7327734,-2.5249862,,,,-1.59855,-2.4051633,-1.6027734,-2.3949862
-1.7223724,-2.541366,-1.7265838,-2.5312465,,,,-1.5923724,-2.411366,-1.5965838,-2.4012465
-1.7168238,-2.5468718,-1.7213684,-2.5365824,,,,-1.5868238,-2.4168718,-1.5913684,-2.4065824
-1.7119188,-2.5517293,-1.7167494,-2.5412163,,,,-1.5819188,-2.4217293,-1.5867494,-2.4112163
-1.707677,-2.5559531,-1.7121966,-2.5455998,,,,-1.577677,-2.4259531,-1.5821966,-2.4155998
-1.7041203,-2.559562,-1.708322,-2.5494064,,,,-1.5741203,-2.429562,-1.578322,-2.4194064
-1.7012439,-2.5624348,-1.7055489,-2.55228,,,,-1.5712439,-2.4324348,-1.5755489,-2.42228
-1.6990415,-2.56458,-1.7037039,-2.5542213,,,,-1.5690415,-2.43458,-1.5737039,-2.4242213
-1.6975287,-2.5660604,-1.7022728,-2.5556148,,,,-1.5675287,-2.4360604,-1.5722728,-2.4256148
-1.696709,-2.5668691,-1.7011545,-2.5565633,,,,-1.566709,-2.4368691,-1.5711545,-2.4265633
-1.6966002,-2.5670189,-1.700831,-2.5568622,,,,-1.5666002,-2.4370189,-1.570831,-2.4268622
-1.6971868,-2.5664324,-1.701522,-2.5562712,,,,-1.5671868,-2.4364324,-1.571522,-2.4262712
-1.6984564,-2.5651048,-1.7031648,-2.5547196,,,,-1.5684564,-2.4351048,-1.5731648,-2.4247196
-1.7004173,-2.5631157,-1.7051407,-2.5526806,,,,-1.5704173,-2.4331157,-1.5751407,-2.4226806
-1.7030666,-2.5604645,-1.7074851,-2.5501734,,,,-1.5730666,-2.4304645,-1.5774851,-2.4201734
-1.7064123,-2.5571598,-1.710656,-2.5470046,,,,-1.5764123,-2.4271598,-1.580656,-2.4170046
-1.7104281,-2.5531298,-1.7148358,-2.5429286,,,,-1.5804281,-2.4231298,-1.5848358,-2.4129286
-1.7150985,-2.5484017,-1.7198722,-2.5379545,,,,-1.5850985,-2.4184017,-1.5898722,-2.4079545
-1.720427,-2.5430552,-1.7250966,-2.5326392,,,,-1.590427,-2.4130552,-1.5950966,-2.4026392
-1.7264012,-2.5370985,-1.730738,-2.526855,,,,-1.5964012,-2.4070985,-1.600738,-2.396855
-1.7330183,-2.5305165,-1.7372593,-2.520377,,,,-1.6030183,-2.4005165,-1.6072593,-2.390377
-1.7402425,-2.523265,-1.744722,-2.5130154,,,,-1.6102425,-2.393265,-1.614722,-2.3830154
-1.7480587,-2.5154032,-1.752836,-2.5049247,,,,-1.6180587,-2.3854032,-1.622836,-2.3749247
-1.7564572,-2.5069832,-1.7610959,-2.4965442,,,,-1.6264572,-2.3769832,-1.6310959,-2.3665442
-1.7654276,-2.498053,-1.7696928,-2.4878382,,,,-1.6354276,-2.368053,-1.6396928,-2.3578382
-1.7749506,-2.4885658,-1.7791698,-2.4784337,,,,-1.6449506,-2.3585658,-1.6491698,-2.3484337
-1.7849869,-2.4784933,-1.78952,-2.468192,,,,-1.6549869,-2.3484933,-1.65952,-2.338192
-1.7955151,-2.4679214,-1.800351,-2.457349,,,,-1.6655151,-2.3379214,-1.670351,-2.327349
-1.8065218,-2.4569038,-1.8110775,-2.4464759,,,,-1.6765218,-2.3269038,-1.6810775,-2.3164759
-1.817994,-2.4454972,-1.8221955,-2.435312,,,,-1.687994,-2.3154972,-1.6921955,-2.305312
-1.8298965,-2.4336165,-1.8341415,-2.4234706,,,,-1.6998965,-2.3036165,-1.7041415,-2.2934706
-1.8421867,-2.4212726,-1.8467912,-2.4108864,,,,-1.7121867,-2.2912726,-1.7167912,-2.2808864
-1.8548473,-2.4085873,-1.8595493,-2.398061,,,,-1.7248473,-2.2785873,-1.7295493,-2.268061
-1.8678551,-2.3955847,-1.8722822,-2.385217,,,,-1.7378551,-2.2655847,-1.7422822,-2.255217
-1.8811939,-2.3823067,-1.8853978,-2.3721405,,,,-1.7511939,-2.2523067,-1.7553978,-2.2421405
-1.8948181,-2.3686978,-1.899105,-2.3585407,,,,-1.7648181,-2.2386978,-1.769105,-2.2285407
-1.9086864,-2.354784,-1.913316,-2.3443497,,,,-1.7786864,-2.224784,-1.783316,-2.2143497
-1.9227806,-2.3406774,-1.9274441,-2.3301512,,,,-1.7927806,-2.2106774,-1.7974441,-2.2001512
-1.9370687,-2.3264016,-1.9414545,-2.316048,,,,-1.8070687,-2.1964016,-1.8114545,-2.186048
-1.9515346,-2.3119963,-1.9557384,-2.3018347,,,,-1.8215346,-2.1819963,-1.8257384,-2.1718347
-1.966128,-2.297417,-1.9704264,-2.2872528,,,,-1.836128,-2.167417,-1.8404264,-2.1572528
-1.9808078,-2.2826973,-1.9854285,-2.2722362,,,,-1.8508078,-2.1526973,-1.8554285,-2.1422362
-1.995554,-2.2679447,-2.000173,-2.2574185,,,,-1.865554,-2.1379447,-1.870173,-2.1274185
-2.0103327,-2.253185,-2.0146802,-2.242846,,,,-1.8803327,-2.123185,-1.8846802,-2.112846
-2.025126,-2.238454,-2.0293081,-2.2283136,,,,-1.895126,-2.108454,-1.8993081,-2.0983136
-2.0398811,-2.2237047,-2.0441821,-2.2135292,,,,-1.9098811,-2.0937047,-1.9141821,-2.0835292
-2.0545584,-2.208986,-2.0591775,-2.1984748,,,,-1.9245584,-2.078986,-1.9291775,-2.0684748
-2.0691412,-2.1944033,-2.0736944,-2.1839021,,,,-1.9391412,-2.0644033,-1.9436944,-2.0539021
-2.0835943,-2.179981,-2.0878611,-2.1697134,,,,-1.9535943,-2.049981,-1.9578611,-2.0397134
-2.0978977,-2.165737,-2.1020358,-2.1556577,,,,-1.9678977,-2.035737,-1.9720358,-2.0256577
-2.1119978,-2.1516272,-2.1163021,-2.1414548,,,,-1.9819978,-2.0216272,-1.9863021,-2.0114548
-2.1258622,-2.1377267,-2.1304551,-2.1272026,,,,-1.9958622,-2.0077267,-2.0004551,-1.9972026
-2.1394736,-2.1241127,-2.1439575,-2.1136504,,,,-2.0094736,-1.9941127,-2.0139575,-1.9836504
-2.1528016,-2.1108238,-2.157008,-2.1006153,,,,-2.0228016,-1.9808238,-2.027008,-1.9706153
-2.1658229,-2.0978478,-2.1699594,-2.0877826,,,,-2.0358229,-1.9678478,-2.0399594,-1.9577826
-2.1784886,-2.0851657,-2.1828147,-2.074944,,,,-2.0484886,-1.9551657,-2.0528147,-1.944944
-2.1907746,-2.0728505,-2.1953317,-2.0623195,,,,-2.0607746,-1.9428505,-2.0653317,-1.9323195
-2.2026607,-2.0609593,-2.2070633,-2.0505402,,,,-2.0726607,-1.9309593,-2.0770633,-1.9205402
-2.2141289,-2.0495398,-2.2182845,-2.0393913,,,,-2.0841289,-1.9195398,-2.0882845,-1.9093913
-2.2251471,-2.0385474,-2.2292944,-2.028478,,,,-2.0951471,-1.9085474,-2.0992944,-1.898478
-2.2356771,-2.0279872,-2.2400383,-2.0176942,,,,-2.1056771,-1.8979872,-2.1100383,-1.8876942
-2.2457038,-2.0179356,-2.2502183,-2.0074071,,,,-2.1157038,-1.8879356,-2.1202183,-1.8774071
-2.2552074,-2.0084243,-2.2595457,-1.9980342,,,,-2.1252074,-1.8784243,-2.1295457,-1.8680342
-2.2641822,-1.9995122,-2.2682606,-1.989462,,,,-2.1341822,-1.8695122,-2.1382606,-1.859462
-2.272591,-1.9911164,-2.2767135,-1.9811059,,,,-2.142591,-1.8611164,-2.1467135,-1.8511059
-2.2804025,-1.9832523,-2.2848283,-1.9728718,,,,-2.1504025,-1.8532523,-2.1548283,-1.8428718
-2.2876169,-1.9760181,-2.292097,-1.9654981,,,,-2.1576169,-1.8460181,-2.162097,-1.8354981
-2.2942146,-1.9694177,-2.2984673,-1.9591266,,,,-2.1642146,-1.8394177,-2.1684673,-1.8291266
-2.3001965,-1.9634843,-2.3042861,-1.9534472,,,,-2.1701965,-1.8334843,-2.1742861,-1.8234472
-2.3055302,-1.9581558,-2.3096842,-1.9481252,,,,-2.1755302,-1.8281558,-2.1796842,-1.8181252
-2.3101965,-1.9534444,-2.3146175,-1.9430596,,,,-2.1801965,-1.8234444,-2.1846175,-1.8130596
-2.3141986,-1.949423,-2.3186408,-1.9389452,,,,-2.1841986,-1.819423,-2.1886408,-1.8089452
-2.317526,-1.9460956,-2.3217539,-1.9358379,,,,-2.187526,-1.8160956,-2.1917539,-1.8058379
-2.3201855,-1.9434823,-2.3242625,-1.9334735,,,,-2.1901855,-1.8134823,-2.1942625,-1.8034735
-2.322151,-1.9415132,-2.3263148,-1.931477,,,,-2.192151,-1.8115132,-2.1963148,-1.801477
-2.323412,-1.9402056,-2.3278493,-1.929784,,,,-2.193412,-1.8102056,-2.1978493,-1.799784
-2.3239812,-1.9396193,-2.3284022,-1.9291612,,,,-2.1939812,-1.8096193,-2.1984022,-1.7991612
-2.3238546,-1.9397526,-2.3280312,-1.9295635,,,,-2.1938546,-1.8097526,-2.1980312,-1.7995635
-2.3230456,-1.9406053,-2.3270966,-1.9306451,,,,-2.1930456,-1.8106053,-2.1970966,-1.8006451
-2.3215326,-1.9420995,-2.3257242,-1.9320308,,,,-2.1915326,-1.8120995,-2.1957242,-1.8020308
-2.3193196,-1.944267,-2.3237683,-1.9338179,,,,-2.1893196,-1.814267,-2.1937683,-1.8038179
-2.3164235,-1.9471431,-2.3207895,-1.9367492,,,,-2.1864235,-1.8171431,-2.1907895,-1.8067492
-2.3128535,-1.9507369,-2.3169874,-1.9406172,,,,-2.1828535,-1.8207369,-2.1869874,-1.8106172
-2.30862,-1.9550022,-2.3126916,-1.9450291,,,,-2.17862,-1.8250022,-2.1826916,-1.8150291
-2.303715,-1.9598858,-2.3079456,-1.9497666,,,,-2.173715,-1.8298858,-2.1779456,-1.8197666
-2.2981523,-1.9654118,-2.3026058,-1.954964,,,,-2.1681523,-1.8354118,-2.1726058,-1.824964
-2.2919513,-1.9715974,-2.2962805,-1.9612508,,,,-2.1619513,-1.8415974,-2.1662805,-1.8312508
-2.2851347,-1.9784526,-2.2892383,-1.9683766,,,,-2.1551347,-1.8484526,-2.1592383,-1.8383766
-2.2777108,-1.9858966,-2.2818059,-1.975898,,,,-2.1477108,-1.8558966,-2.1518059,-1.845898
-2.269683,-1.9938942,-2.273974,-1.9836857,,,,-2.139683,-1.8638942,-2.143974,-1.8536857
-2.2610778,-2.002472,-2.26553,-1.992029,,,,-2.1310778,-1.872472,-2.13553,-1.862029
-2.2519156,-2.0116286,-2.2561835,-2.0013531,,,,-2.1219156,-1.8816286,-2.1261835,-1.8713531
-2.2422296,-2.021364,-2.2463044,-2.0113486,,,,-2.1122296,-1.891364,-2.1163044,-1.8813486
-2.232027,-2.031573,-2.2361602,-2.0215676,,,,-2.102027,-1.901573,-2.1061602,-1.8915676
-2.2213196,-2.0422359,-2.2257336,-2.0318879,,,,-2.0913196,-1.9122359,-2.0957336,-1.9018879
-2.2101477,-2.0533983,-2.21456,-2.0430187,,,,-2.0801477,-1.9233983,-2.08456,-1.9130187
-2.198534,-2.065033,-2.2027005,-2.0548973,,,,-2.068534,-1.935033,-2.0727005,-1.9248973
-2.1865126,-2.0770924,-2.1906174,-2.0670832,,,,-2.0565126,-1.9470924,-2.0606174,-1.9370832
-2.1740924,-2.0895044,-2.1783325,-2.0793936,,,,-2.0440924,-1.9595044,-2.0483325,-1.9493936
-2.161304,-2.1022664,-2.1657714,-2.0918834,,,,-2.031304,-1.9722664,-2.0357714,-1.9618834
-2.14818,-2.1153851,-2.1525534,-2.1050574,,,,-2.01818,-1.9853851,-2.0225534,-1.9750574
-2.134757,-2.1288512,-2.1389014,-2.1187414,,,,-2.004757,-1.9988512,-2.0089014,-1.9887414
-2.1210637,-2.1425787,-2.1251768,-2.1325587,,,,-1.9910637,-2.0125787,-1.9951768,-2.0025587
-2.1071161,-2.1565114,-2.111415,-2.1463436,,,,-1.9771161,-2.0265114,-1.981415,-2.0163436
-2.0929502,-2.170654,-2.0974671,-2.1602355,,,,-1.9629502,-2.040654,-1.9674671,-2.0302355
-2.0785997,-2.1850036,-2.082962,-2.1746892,,,,-1.9485997,-2.0550036,-1.952962,-2.0446892
-2.0641079,-2.1995493,-2.0682339,-2.189464,,,,-1.9341079,-2.0695493,-1.9382339,-2.059464
-2.049499,-2.2141832,-2.0536504,-2.204132,,,,-1.919499,-2.0841832,-1.9236504,-2.074132
-2.0347924,-2.2288572,-2.0392033,-2.2185804,,,,-1.9047924,-2.0988572,-1.9092033,-2.0885804
-2.0200307,-2.243604,-2.0245435,-2.233192,,,,-1.8900307,-2.113604,-1.8945435,-2.103192
-2.0052476,-2.2583965,-2.0095639,-2.2481169,,,,-1.8752476,-2.1283965,-1.8795639,-2.1181169
-1.9904879,-2.2732147,-1.9946072,-2.2631372,,,,-1.8604879,-2.1432147,-1.8646072,-2.1331372
-1.975772,-2.2879506,-1.9799427,-2.2779015,,,,-1.845772,-2.1579506,-1.8499427,-2.1479015
-1.9611218,-2.3025593,-1.96564,-2.292218,,,,-1.8311218,-2.1725593,-1.83564,-2.162218
-1.9465796,-2.3170887,-1.9511733,-2.3066255,,,,-1.8165796,-2.1870887,-1.8211733,-2.1766255
-1.9321781,-2.3314997,-1.936493,-2.32123,,,,-1.8021781,-2.2014997,-1.806493,-2.19123
-1.9179652,-2.3457755,-1.9221023,-2.3356868,,,,-1.7879652,-2.2157755,-1.7921023,-2.2056868
-1.9039546,-2.3597995,-1.9081823,-2.3497094,,,,-1.7739546,-2.2297995,-1.7781823,-2.2197094
-1.8901688,-2.3735417,-1.894744,-2.3631748,,,,-1.7601688,-2.2435417,-1.764744,-2.2331748
-1.8766491,-2.3870493,-1.8812544,-2.3766102,,,,-1.7466491,-2.2570493,-1.7512544,-2.2466102
-1.8634259,-2.4002851,-1.8677489,-2.3900236,,,,-1.7334259,-2.2702851,-1.7377489,-2.2600236
-1.8505434,-2.413229,-1.8546842,-2.4031426,,,,-1.7205434,-2.283229,-1.7246842,-2.2731426
-1.8380115,-2.425762,-1.8422988,-2.4156379,,,,-1.7080115,-2.295762,-1.7122988,-2.2856379
-1.8258493,-2.437872,-1.8305183,-2.4274513,,,,-1.6958493,-2.307872,-1.7005183,-2.2974513
-1.8140984,-2.449612,-1.8187188,-2.439186,,,,-1.6840984,-2.319612,-1.6887188,-2.309186
-1.8027836,-2.4609455,-1.8070754,-2.4507166,,,,-1.6727836,-2.3309455,-1.6770754,-2.3207166
-1.7919436,-2.4718357,-1.7960987,-2.4617478,,,,-1.6619436,-2.3418357,-1.6660987,-2.3317478
-1.7815801,-2.4821802,-1.7859535,-2.4720022,,,,-1.6515801,-2.3521802,-1.6559535,-2.3420022
-1.7717142,-2.4919957,-1.7764281,-2.4815568,,,,-1.6417142,-2.3619957,-1.6464281,-2.3515568
-1.7623792,-2.5013145,-1.7669463,-2.4909354,,,,-1.6323792,-2.3713145,-1.6369463,-2.3609354
-1.753601,-2.5101281,-1.7578547,-2.4999367,,,,-1.623601,-2.3801281,-1.6278547,-2.3699367
-1.7454003,-2.5183588,-1.7495942,-2.50825,,,,-1.6154003,-2.3883588,-1.6195942,-2.37825
-1.7377802,-2.5259475,-1.7422488,-2.5157143,,,,-1.6077802,-2.3959475,-1.6122488,-2.3857143
-1.7307552,-2.5329243,-1.7355372,-2.5224499,,,,-1.6007552,-2.4029243,-1.6055372,-2.3924499
-1.7243507,-2.5393065,-1.7289385,-2.528908,,,,-1.5943507,-2.4093065,-1.5989385,-2.398908
-1.7185919,-2.545114,-1.7227886,-2.5349487,,,,-1.5885919,-2.415114,-1.5927886,-2.4049487
-1.7134864,-2.5502404,-1.7177066,-2.5401157,,,,-1.5834864,-2.4202404,-1.5877066,-2.4101157
-1.7090275,-2.5546461,-1.713609,-2.5443348,,,,-1.5790275,-2.4246461,-1.583609,-2.4143348
-1.7052311,-2.5583981,-1.7100318,-2.5479044,,,,-1.5752311,-2.4283981,-1.5800318,-2.4179044
-1.7021134,-2.561499,-1.7066077,-2.5511621,,,,-1.5721134,-2.431499,-1.5766077,-2.4211621
-1.6996942,-2.5639716,-1.7038875,-2.553832,,,,-1.5696942,-2.4339716,-1.5738875,-2.423832
-1.6979638,-2.5656992,-1.7022725,-2.5555524,,,,-1.5679638,-2.4356992,-1.5722725,-2.4255524
-1.6969135,-2.5666863,-1.7016084,-2.5563108,,,,-1.5669135,-2.4366863,-1.5716084,-2.4263108
-1.696559,-2.567012,-1.7012694,-2.5565895,,,,-1.566559,-2.437012,-1.5712694,-2.4265895
-1.696901,-2.5666684,-1.7013127,-2.556384,,,,-1.566901,-2.4366684,-1.5713127,-2.426384
-1.6979529,-2.5656563,-1.702188,-2.555507,,,,-1.5679529,-2.4356563,-1.572188,-2.425507
-1.6996937,-2.5639006,-1.7040962,-2.5537044,,,,-1.5696937,-2.4339006,-1.5740962,-2.4237044
-1.7021126,-2.5614225,-1.7068859,-2.550982,,,,-1.5721126,-2.4314225,-1.5768859,-2.420982
-1.7052184,-2.5582966,-1.7098874,-2.5478884,,,,-1.5752184,-2.4282966,-1.5798874,-2.4178884
-1.7090036,-2.554527,-1.7133379,-2.5442892,,,,-1.5790036,-2.424527,-1.5833379,-2.4142892
-1.7134697,-2.5500923,-1.7177125,-2.5399536,,,,-1.5834697,-2.4200923,-1.5877125,-2.4099536
-1.7185867,-2.544946,-1.7230715,-2.534699,,,,-1.5885867,-2.414946,-1.5930715,-2.404699
-1.7243437,-2.539142,-1.7291277,-2.5286735,,,,-1.5943437,-2.409142,-1.5991277,-2.3986735
-1.7307353,-2.5327264,-1.735375,-2.5223004,,,,-1.6007353,-2.4027264,-1.605375,-2.3923004
-1.7377561,-2.5257436,-1.7420197,-2.5155357,,,,-1.6077561,-2.3957436,-1.6120197,-2.3855357
-1.7453909,-2.5181397,-1.749619,-2.5080048,,,,-1.6153909,-2.3881397,-1.619619,-2.3780048
-1.7536039,-2.5098876,-1.7581543,-2.4995831,,,,-1.6236039,-2.3798876,-1.6281543,-2.3695831
-1.7623788,-2.5010678,-1.7672269,-2.490509,,,,-1.6323788,-2.3710678,-1.6372269,-2.360509
-1.7717059,-2.4917277,-1.7762567,-2.4813207,,,,-1.6417059,-2.3617277,-1.6462567,-2.3513207
-1.7815759,-2.4819192,-1.7857871,-2.4717366,,,,-1.6515759,-2.3519192,-1.6557871,-2.3417366
-1.7919565,-2.4715525,-1.796228,-2.4613975,,,,-1.6619565,-2.3415525,-1.666228,-2.3313975
-1.8028089,-2.4606432,-1.8074476,-2.4502481,,,,-1.6728089,-2.3306432,-1.6774476,-2.3202481
-1.8141214,-2.4493078,-1.8188622,-2.4387847,,,,-1.6841214,-2.3193078,-1.6888622,-2.3087847
-1.8258691,-2.437564,-1.8302777,-2.4272302,,,,-1.6958691,-2.307564,-1.7002777,-2.2972302
-1.8380421,-2.4254454,-1.8422725,-2.4152755,,,,-1.7080421,-2.2954454,-1.7122725,-2.2852755
-1.8505951,-2.4129018,-1.8549238,-2.4027282,,,,-1.7205951,-2.2829018,-1.7249238,-2.2727282
-1.8634915,-2.3999614,-1.8681591,-2.3895203,,,,-1.7334915,-2.2699614,-1.7381591,-2.2595203
-1.8767142,-2.3867263,-1.8813846,-2.376222,,,,-1.7467142,-2.2567263,-1.7513846,-2.246222
-1.8902335,-2.3732215,-1.8946177,-2.3628858,,,,-1.7602335,-2.2432215,-1.7646177,-2.2328858
-1.9040345,-2.3594788,-1.9082496,-2.349318,,,,-1.7740345,-2.2294788,-1.7782496,-2.219318
-1.9180666,-2.3454496,-1.9224113,-2.3352534,,,,-1.7880666,-2.2154496,-1.7924113,-2.2052534
-1.932292,-2.3311802,-1.9369717,-2.320678,,,,-1.802292,-2.2011802,-1.8069717,-2.190678
-1.9466941,-2.316777,-1.9512997,-2.3062853,,,,-1.8166941,-2.186777,-1.8212997,-2.1762853
-1.9612386,-2.3022631,-1.9655417,-2.291983,,,,-1.8312386,-2.1722631,-1.8355417,-2.161983
-1.9759051,-2.287655,-1.9800785,-2.2775422,,,,-1.8459051,-2.157655,-1.8500785,-2.1475422
-1.9906403,-2.2729095,-1.9949969,-2.262705,,,,-1.8606403,-2.1429095,-1.8649969,-2.132705
-2.0054094,-2.258104,-2.0100678,-2.2475761,,,,-1.8754094,-2.128104,-1.8800678,-2.1175761
-2.0201925,-2.2433206,-2.0247262,-2.2328547,,,,-1.8901925,-2.1133206,-1.8947262,-2.1028547
-2.0349575,-2.2285992,-2.0391969,-2.218367,,,,-1.9049575,-2.0985992,-1.9091969,-2.088367
-2.0496777,-2.2139262,-2.0538503,-2.203821,,,,-1.9196777,-2.0839262,-1.9238503,-2.073821
-2.0643005,-2.1992875,-2.0686832,-2.1890262,,,,-1.9343005,-2.0692875,-1.9386832,-2.0590262
-2.0787977,-2.184763,-2.083423,-2.174213,,,,-1.9487977,-2.054763,-1.953423,-2.044213
-2.0931428,-2.1704181,-2.0975893,-2.159984,,,,-1.9631428,-2.0404181,-1.9675893,-2.029984
-2.107314,-2.156303,-2.1114966,-2.1461262,,,,-1.977314,-2.026303,-1.9814966,-2.0161262
-2.1212721,-2.1423787,-2.1254318,-2.1322895,,,,-1.9912721,-2.0123787,-1.9954318,-2.0022895
-2.1349744,-2.1286496,-2.1393913,-2.1183244,,,,-2.0049744,-1.9986496,-2.0093913,-1.9883244
-2.1483945,-2.115203,-2.1530243,-2.1045771,,,,-2.0183945,-1.985203,-2.0230243,-1.9745771
-2.1615087,-2.1020873,-2.1658932,-2.0916603,,,,-2.0315087,-1.9720873,-2.0358932,-1.9616603
-2.1743022,-2.0893679,-2.1784061,-2.079267,,,,-2.0443022,-1.9593679,-2.0484061,-1.949267
-2.1867281,-2.0769517,-2.190911,-2.0668566,,,,-2.0567281,-1.9469517,-2.060911,-1.9368566
-2.1987497,-2.064888,-2.2032164,-2.0544794,,,,-2.0687497,-1.934888,-2.0732164,-1.9244794
-2.210354,-2.0532684,-2.214883,-2.0427237,,,,-2.080354,-1.9232684,-2.084883,-1.9127237
-2.2215127,-2.0421124,-2.2258087,-2.0317737,,,,-2.0915127,-1.9121124,-2.0958087,-1.9017737
-2.2322177,-2.031468,-2.2363135,-2.0214065,,,,-2.1022177,-1.901468,-2.1063135,-1.8914065
-2.2424268,-2.0212718,-2.2465895,-2.0112221,,,,-2.1124268,-1.8912718,-2.1165895,-1.8812221
-2.2521066,-2.0115457,-2.2565585,-2.001145,,,,-2.1221066,-1.8815457,-2.1265585,-1.871145
-2.2612513,-2.0023853,-2.2657346,-1.991878,,,,-2.1312513,-1.8723853,-2.1357346,-1.861878
-2.269838,-1.9938016,-2.2740976,-1.9835079,,,,-2.139838,-1.8638016,-2.1440976,-1.8535079
-2.2778631,-1.9858257,-2.2819678,-1.9757729,,,,-2.1478631,-1.8558257,-2.1519678,-1.8457729
-2.2852887,-1.9784035,-2.2894682,-1.9683445,,,,-2.1552887,-1.8484035,-2.1594682,-1.8383445
-2.292092,-1.9715575,-2.2965406,-1.9611416,,,,-2.162092,-1.8415575,-2.1665406,-1.8311416
-2.2982718,-1.9653617,-2.3027235,-1.9548777,,,,-2.1682718,-1.8353617,-2.1727235,-1.8248777
-2.3038122,-1.9598262,-2.308039,-1.9495727,,,,-2.1738122,-1.8298262,-2.178039,-1.8195727
-2.3087152,-1.9549727,-2.3127903,-1.944971,,,,-2.1787152,-1.8249727,-2.1827903,-1.814971
-2.3129484,-1.9507313,-2.3171347,-1.9406654,,,,-2.1829484,-1.8207313,-2.1871347,-1.8106654
-2.3164972,-1.9471339,-2.3209575,-1.936673,,,,-2.1864972,-1.8171339,-2.1909575,-1.806673
-2.319371,-1.9442434,-2.3237733,-1.9338116,,,,-2.189371,-1.8142434,-2.1937733,-1.8038116
-2.321561,-1.9420692,-2.325721,-1.9319083,,,,-2.191561,-1.8120692,-2.195721,-1.8019083
-2.323071,-1.9405961,-2.3271405,-1.93062,,,,-2.193071,-1.8105961,-2.1971405,-1.80062
-2.323877,-1.9397694,-2.3280913,-1.9296764,,,,-2.193877,-1.8097694,-2.1980913,-1.7996764
-2.3239783,-1.9396265,-2.3284332,-1.9291683,,,,-2.1939783,-1.8096265,-2.1984332,-1.7991683
-2.3233854,-1.9401997,-2.3277417,-1.9298136,,,,-2.1933854,-1.8101997,-2.1977417,-1.7998136
-2.3221048,-1.9415079,-2.3262311,-1.9313985,,,,-2.1921048,-1.8115079,-2.1962311,-1.8013985
-2.3201383,-1.9435008,-2.324221,-1.9335154,,,,-2.1901383,-1.8135008,-2.194221,-1.8035154
-2.3174738,-1.9461399,-2.3217272,-1.9359767,,,,-2.1874738,-1.8161399,-2.1917272,-1.8059767
-2.3141228,-1.9494569,-2.3185715,-1.9389988,,,,-2.1841228,-1.8194569,-2.1885715,-1.8089988
-2.3100976,-1.9534675,-2.3144013,-1.9431394,,,,-2.1800976,-1.8234675,-2.1844013,-1.8131394
-2.305418,-1.9581851,-2.3095087,-1.9481348,,,,-2.175418,-1.8281851,-2.1795087,-1.8181348
-2.300083,-1.9635317,-2.3041936,-1.9535234,,,,-2.170083,-1.8335317,-2.1741936,-1.8235234
-2.2940935,-1.9694797,-2.298431,-1.959196,,,,-2.1640935,-1.8394797,-2.168431,-1.829196
-2.2874752,-1.9760758,-2.291899,-1.965647,,,,-2.1574752,-1.8460758,-2.161899,-1.835647
-2.2802411,-1.9833101,-2.2844442,-1.9730974,,,,-2.1502411,-1.8533101,-2.1544442,-1.8430974
-2.2724217,-1.9911761,-2.2764906,-1.9811828,,,,-2.1424217,-1.8611761,-2.1464906,-1.8511828
-2.264015,-1.9995781,-2.2681817,-1.9895454,,,,-2.134015,-1.8695781,-2.1381817,-1.8595454
-2.2550336,-2.0085182,-2.2594518,-1.9981493,,,,-2.1250336,-1.8785182,-2.1294518,-1.8681493
-2.2455128,-2.0180248,-2.2498914,-2.0076644,,,,-2.1155128,-1.8880248,-2.1198914,-1.8776644
-2.2354738,-2.028087,-2.2396368,-2.0179473,,,,-2.1054738,-1.898087,-2.1096368,-1.8879473
-2.2249442,-2.0386591,-2.2290121,-2.0286846,,,,-2.0949442,-1.9086591,-2.0990121,-1.8986846
-2.2139307,-2.0496627,-2.2181412,-2.0395883,,,,-2.0839307,-1.9196627,-2.0881412,-1.9095883
-2.2024578,-2.0611006,-2.2069258,-2.050698,,,,-2.0724578,-1.9311006,-2.0769258,-1.920698
-2.1905595,-2.0729889,-2.1949436,-2.0626332,,,,-2.0605595,-1.9429889,-2.0649436,-1.9326332
-2.1782676,-2.085318,-2.1824135,-2.0751995,,,,-2.0482676,-1.955318,-2.0524135,-1.9451995
-2.1656104,-2.0980152,-2.1696993,-2.0880172,,,,-2.0356104,-1.9680152,-2.0396993,-1.9580172
-2.1526002,-2.1110127,-2.156859,-2.1008887,,,,-2.0226002,-1.9810127,-2.026859,-1.9708887
-2.139268,-2.1243147,-2.143774,-2.1138909,,,,-2.009268,-1.9943147,-2.013774,-1.9838909
-2.12565,-2.137928,-2.1300272,-2.1275877,,,,-1.99565,-2.007928,-2.0000272,-1.9975877
-2.1117849,-2.1518437,-2.1159155,-2.1417412,,,,-1.9817849,-2.0218437,-1.9859155,-2.0117412
-2.0976993,-2.1659614,-2.1018181,-2.1559318,,,,-1.9676993,-2.0359614,-1.9718181,-2.0259318
-2.0834103,-2.1802298,-2.0877422,-2.1700245,,,,-1.9534103,-2.0502298,-1.9577422,-2.0400245
-2.0689563,-2.1946622,-2.0734859,-2.1842295,,,,-1.9389563,-2.0646622,-1.9434859,-2.0542295
-2.05437,-2.2092427,-2.0587645,-2.1988837,,,,-1.92437,-2.0792427,-1.9287645,-2.0688837
-2.0396985,-2.2239813,-2.0437864,-2.2139093,,,,-1.9096985,-2.0939813,-1.9137864,-2.0839093
-2.0249642,-2.2387465,-2.0290808,-2.2287148,,,,-1.8949642,-2.1087465,-1.8990808,-2.0987148
-2.010186,-2.2534844,-2.01463,-2.2431797,,,,-1.880186,-2.1234844,-1.88463,-2.1131797
-1.9954045,-2.2682434,-2.0000016,-2.2577366,,,,-1.8654045,-2.1382434,-1.8700016,-2.1277366
-1.9806573,-2.2829958,-1.984988,-2.2726914,,,,-1.8506573,-2.1529958,-1.854988,-2.1426914
-1.9659902,-2.297728,-1.9701134,-2.2876333,,,,-1.8359902,-2.167728,-1.8401134,-2.1576333
-1.9514208,-2.3123199,-1.9555845,-2.3022662,,,,-1.8214208,-2.1823199,-1.8255845,-2.1722662
-1.9369702,-2.326724,-1.9414986,-2.3163785,,,,-1.8069702,-2.196724,-1.8114986,-2.1863785
-1.9226813,-2.3409988,-1.9272939,-2.330527,,,,-1.7926813,-2.2109988,-1.7972939,-2.200527
-1.9085864,-2.3551015,-1.9129113,-2.344825,,,,-1.7785864,-2.2251015,-1.7829113,-2.214825
-1.8947322,-2.3690172,-1.8988777,-2.3589176,,,,-1.7647322,-2.2390172,-1.7688777,-2.2289176
-1.8811322,-2.382631,-1.8853613,-2.3725368,,,,-1.7511322,-2.252631,-1.7553613,-2.2425368
-1.8678076,-2.3959109,-1.8723887,-2.3855478,,,,-1.7378076,-2.2659109,-1.7423887,-2.2555478
-1.8547986,-2.4089059,-1.8594189,-2.398464,,,,-1.7247986,-2.2789059,-1.7294189,-2.268464
-1.8421339,-2.42158,-1.8464721,-2.4113108,,,,-1.7121339,-2.29158,-1.7164721,-2.2813108
-1.8298574,-2.433915,-1.8340144,-2.423815,,,,-1.6998574,-2.303915,-1.7040144,-2.293815
-1.8179776,-2.4457961,-1.8222724,-2.4356648,,,,-1.6879776,-2.3157961,-1.6922724,-2.3056648
-1.8065122,-2.4572092,-1.8111862,-2.446794,,,,-1.6765122,-2.3272092,-1.6811862,-2.316794
-1.7955009,-2.4682082,-1.8001365,-2.4577798,,,,-1.6655009,-2.3382082,-1.6701365,-2.3277798
-1.7849666,-2.478758,-1.7892746,-2.4685208,,,,-1.6549666,-2.348758,-1.6592746,-2.3385208
-1.7749468,-2.488827,-1.7791107,-2.4787315,,,,-1.6449468,-2.358827,-1.6491107,-2.3487315
-1.7654415,-2.4983128,-1.7698205,-2.4881314,,,,-1.6354415,-2.3683128,-1.6398205,-2.3581314
-1.7564696,-2.507233,-1.7611926,-2.496795,,,,-1.6264696,-2.377233,-1.6311926,-2.366795
-1.7480619,-2.5156227,-1.7526422,-2.5052413,,,,-1.6180619,-2.3856227,-1.6226422,-2.3752413
-1.7402428,-2.5234743,-1.7445073,-2.5132777,,,,-1.6102428,-2.3934743,-1.6145073,-2.3832777
-1.7330309,-2.5307158,-1.7372291,-2.5206043,,,,-1.6030309,-2.4007158,-1.6072291,-2.3906043
-1.7264274,-2.5372876,-1.7308981,-2.527057,,,,-1.5964274,-2.4072876,-1.6008981,-2.397057
-1.7204441,-2.5432211,-1.7252343,-2.5327486,,,,-1.5904441,-2.4132211,-1.5952343,-2.4027486
-1.7151043,-2.548537,-1.719706,-2.5381354,,,,-1.5851043,-2.418537,-1.589706,-2.4081354
-1.7104306,-2.5532574,-1.7146364,-2.543087,,,,-1.5804306,-2.4232574,-1.5846364,-2.413087
-1.7064287,-2.5572814,-1.710651,-2.5471543,,,,-1.5764287,-2.4272814,-1.580651,-2.4171543
-1.7030891,-2.5605685,-1.7076684,-2.5502604,,,,-1.5730891,-2.4305685,-1.5776684,-2.4202604
-1.7004248,-2.5631868,-1.7052418,-2.5526859,,,,-1.5704248,-2.4331868,-1.5752418,-2.4226859
-1.6984502,-2.5651435,-1.7029581,-2.5547997,,,,-1.5684502,-2.4351435,-1.5729581,-2.4247997
-1.6971816,-2.566464,-1.7013824,-2.556316,,,,-1.5671816,-2.436464,-1.5713824,-2.426316
-1.6966083,-2.567038,-1.7008973,-2.5568985,,,,-1.5666083,-2.437038,-1.5708973,-2.4268985
